,Word,Transcription,Clusters,No. Syllables(Vowels),No.Phonemes,Mean cluster length
0,"""иә"",",i j æ,/j/,2,3,1
1,<unk>,spn,N/A,N/A,N/A,N/A
2,ac,a c,/c,1,2,1
3,iздеген,i z d j e ɡ j e n,/zdj/ɡj/n,3,9,2
4,«атасына,ɑ t ɑ s ə n ɑ,/t/s/n/,4,7,1
5,«мә»,m æ,m/,1,2,1
6,«сендікпін»,s j e n d ɪ k p ɪ n,sj/nd/kp/n,3,10,1.75
7,«қыз»,q ə z,q/z,1,3,1
8,«ә»,æ,/,1,1,N/A
9,"«әй,",æ j,/j,1,2,1
10,абырой,ɑ b ə r o j,/b/r/j,3,6,1
11,абыройды,ɑ b ə r o j d ə,/b/r/jd/,4,8,1.3333333333333333
12,абыройлы,ɑ b ə r o j l ə,/b/r/jl/,4,8,1.3333333333333333
13,адал,ɑ d ɑ l,/d/l,2,4,1
14,адам,ɑ d ɑ m,/d/m,2,4,1
15,адамды,ɑ d ɑ m d ə,/d/md/,3,6,1.5
16,адаммен.,ɑ d ɑ m m j e n,/d/mmj/n,3,8,1.6666666666666667
17,адамның,ɑ d ɑ m n ə ŋ,/d/mn/ŋ,3,7,1.3333333333333333
18,адасқан,ɑ d ɑ s q ɑ n,/d/sq/n,3,7,1.3333333333333333
19,адырайған,ɑ d ə r ɑ j ʁ ɑ n,/d/r/jʁ/n,4,9,1.25
20,ажалға,ɑ ʒ ɑ l ʁ ɑ,/ʒ/lʁ/,3,6,1.5
21,ажарлы,ɑ ʒ ɑ r l ə,/ʒ/rl/,3,6,1.5
22,аз,ɑ z,/z,1,2,1
23,"азады,",ɑ z ɑ d ə,/z/d/,3,5,1
24,азады.,ɑ z ɑ d ə,/z/d/,3,5,1
25,"азап,",ɑ z ɑ p,/z/p,2,4,1
26,азаптағаның,ɑ z ɑ p t ɑ ʁ ɑ n ə ŋ,/z/pt/ʁ/n/ŋ,5,11,1.2
27,азар.,ɑ z ɑ r,/z/r,2,4,1
28,азарсың.,ɑ z ɑ r s ə ŋ,/z/rs/ŋ,3,7,1.3333333333333333
29,"азбайды,",ɑ z b ɑ j d ə,/zb/jd/,3,7,2
30,азбайды.,ɑ z b ɑ j d ə,/zb/jd/,3,7,2
31,"азбассың,",ɑ z b ɑ s s ə ŋ,/zb/ss/ŋ,3,8,1.6666666666666667
32,аздың,ɑ z d ə ŋ,/zd/ŋ,2,5,1.5
33,азығы.,ɑ z ə ʁ ə,/z/ʁ/,3,5,1
34,азға,ɑ z ʁ ɑ,/zʁ/,2,4,2
35,ай,ɑ j,/j,1,2,1
36,айдай,ɑ j d ɑ j,/jd/j,2,5,1.5
37,"айдасаң,",ɑ j d ɑ s ɑ ŋ,/jd/s/ŋ,3,7,1.3333333333333333
38,айласыз,ɑ j l ɑ s ə z,/jl/s/z,3,7,1.3333333333333333
39,айрандай,ɑ j r ɑ n d ɑ j,/jr/nd/j,3,8,1.6666666666666667
40,айта,ɑ j t ɑ,/jt/,2,4,2
41,айтады.,ɑ j t ɑ d ə,/jt/d/,3,6,1.5
42,"айтайын,",ɑ j t ɑ j ə n,/jt/j/n,3,7,1.3333333333333333
43,айтар.,ɑ j t ɑ r,/jt/r,2,5,1.5
44,айтпас,ɑ j t p ɑ s,/jtp/s,2,6,2
45,"айтсаң,",ɑ j t s ɑ ŋ,/jts/ŋ,2,6,2
46,айтсаңшы.,ɑ j t s ɑ ŋ ʃ ə,/jts/ŋʃ/,3,8,2.5
47,айтқызбай,ɑ j t q ə z b ɑ j,/jtq/zb/j,3,9,2
48,айырады.,ɑ j ə r ɑ d ə,/j/r/d/,4,7,1
49,айырылады.,ɑ j ə r ə l ɑ d ə,/j/r/l/d/,5,9,1
50,"айырылмас,",ɑ j ə r ə l m ɑ s,/j/r/lm/s,4,9,1.25
51,"айырылса,",ɑ j ə r ə l s ɑ,/j/r/ls/,4,8,1.3333333333333333
52,айырылған,ɑ j ə r ə l ʁ ɑ n,/j/r/lʁ/n,4,9,1.25
53,айғыр,ɑ j ʁ ə r,/jʁ/r,2,5,1.5
54,ал,ɑ l,/l,1,2,1
55,"ал,",ɑ l,/l,1,2,1
56,ал.,ɑ l,/l,1,2,1
57,ала,ɑ l ɑ,/l/,2,3,1
58,"алады,",ɑ l ɑ d ə,/l/d/,3,5,1
59,алады.,ɑ l ɑ d ə,/l/d/,3,5,1
60,алар.,ɑ l ɑ r,/l/r,2,4,1
61,"аларсың,",ɑ l ɑ r s ə ŋ,/l/rs/ŋ,3,7,1.3333333333333333
62,аларсың.,ɑ l ɑ r s ə ŋ,/l/rs/ŋ,3,7,1.3333333333333333
63,аласы,ɑ l ɑ s ə,/l/s/,3,5,1
64,алау,ɑ l ɑ w,/l/w,2,4,1
65,алаяқ,ɑ l ɑ j ɑ q,/l/j/q,3,6,1
66,"алдайды,",ɑ l d ɑ j d ə,/ld/jd/,3,7,2
67,алдайды.,ɑ l d ɑ j d ə,/ld/jd/,3,7,2
68,алды,ɑ l d ə,/ld/,2,4,2
69,алдымен,ɑ l d ə m j e n,/ld/mj/n,3,8,1.6666666666666667
70,алдында,ɑ l d ə n d ɑ,/ld/nd/,3,7,2
71,алдырар.,ɑ l d ə r ɑ r,/ld/r/r,3,7,1.3333333333333333
72,алдыңа,ɑ l d ə ŋ ɑ,/ld/ŋ/,3,6,1.5
73,алдыңда,ɑ l d ə ŋ d ɑ,/ld/ŋd/,3,7,2
74,алдыңды,ɑ l d ə ŋ d ə,/ld/ŋd/,3,7,2
75,"алма,",ɑ l m ɑ,/lm/,2,4,2
76,алмайды.,ɑ l m ɑ j d ə,/lm/jd/,3,7,2
77,алмайсың.,ɑ l m ɑ j s ə ŋ,/lm/js/ŋ,3,8,1.6666666666666667
78,"алмаса,",ɑ l m ɑ s ɑ,/lm/s/,3,6,1.5
79,алмаған,ɑ l m ɑ ʁ ɑ n,/lm/ʁ/n,3,7,1.3333333333333333
80,алмағанның,ɑ l m ɑ ʁ ɑ n n ə ŋ,/lm/ʁ/nn/ŋ,4,10,1.5
81,алса,ɑ l s ɑ,/ls/,2,4,2
82,"алса,",ɑ l s ɑ,/ls/,2,4,2
83,"алсаң,",ɑ l s ɑ ŋ,/ls/ŋ,2,5,1.5
84,алтау,ɑ l t ɑ w,/lt/w,2,5,1.5
85,алты,ɑ l t ə,/lt/,2,4,2
86,алтын,ɑ l t ə n,/lt/n,2,5,1.5
87,"алтын,",ɑ l t ə n,/lt/n,2,5,1.5
88,алтын.,ɑ l t ə n,/lt/n,2,5,1.5
89,алтынын,ɑ l t ə n ə n,/lt/n/n,3,7,1.3333333333333333
90,алшақты,ɑ l ʃ ɑ q t ə,/lʃ/qt/,3,7,2
91,алып,ɑ l ə p,/l/p,2,4,1
92,алыс,ɑ l ə s,/l/s,2,4,1
93,алыстан,ɑ l ə s t ɑ n,/l/st/n,3,7,1.3333333333333333
94,алыстағы,ɑ l ə s t ɑ ʁ ə,/l/st/ʁ/,4,8,1.3333333333333333
95,алған,ɑ l ʁ ɑ n,/lʁ/n,2,5,1.5
96,"алған,",ɑ l ʁ ɑ n,/lʁ/n,2,5,1.5
97,алған.,ɑ l ʁ ɑ n,/lʁ/n,2,5,1.5
98,"алғанмен,",ɑ l ʁ ɑ n m j e n,/lʁ/nmj/n,3,9,2
99,алғанның,ɑ l ʁ ɑ n n ə ŋ,/lʁ/nn/ŋ,3,8,1.6666666666666667
100,"алғанша,",ɑ l ʁ ɑ n ʃ ɑ,/lʁ/nʃ/,3,7,2
101,алғаны,ɑ l ʁ ɑ n ə,/lʁ/n/,3,6,1.5
102,"алғаның,",ɑ l ʁ ɑ n ə ŋ,/lʁ/n/ŋ,3,7,1.3333333333333333
103,алғаныңды,ɑ l ʁ ɑ n ə ŋ d ə,/lʁ/n/ŋd/,4,9,1.6666666666666667
104,"амандықта,",ɑ m ɑ n d ə q t ɑ,/m/nd/qt/,4,9,1.6666666666666667
105,ана,ɑ n ɑ,/n/,2,3,1
106,анасы.,ɑ n ɑ s ə,/n/s/,3,5,1
107,анасын,ɑ n ɑ s ə n,/n/s/n,3,6,1
108,ант,ɑ n t,/nt,1,3,2
109,анты,ɑ n t ə,/nt/,2,4,2
110,анық.,ɑ n ə q,/n/q,2,4,1
111,апамды,ɑ p ɑ m d ə,/p/md/,3,6,1.5
112,ар-намысы,ɑ r n ɑ m ə s ə,/rn/m/s/,4,8,1.3333333333333333
113,ара,ɑ r ɑ,/r/,2,3,1
114,арадан,ɑ r ɑ d ɑ n,/r/d/n,3,6,1
115,"арам,",ɑ r ɑ m,/r/m,2,4,1
116,арам.,ɑ r ɑ m,/r/m,2,4,1
117,арамдық,ɑ r ɑ m d ə q,/r/md/q,3,7,1.3333333333333333
118,арамнан,ɑ r ɑ m n ɑ n,/r/mn/n,3,7,1.3333333333333333
119,арасы,ɑ r ɑ s ə,/r/s/,3,5,1
120,арасында,ɑ r ɑ s ə n d ɑ,/r/s/nd/,4,8,1.3333333333333333
121,арасының,ɑ r ɑ s ə n ə ŋ,/r/s/n/ŋ,4,8,1
122,арақ,ɑ r ɑ q,/r/q,2,4,1
123,арақпен,ɑ r ɑ q p j e n,/r/qpj/n,3,8,1.6666666666666667
124,арақтың,ɑ r ɑ q t ə ŋ,/r/qt/ŋ,3,7,1.3333333333333333
125,арба,ɑ r b ɑ,/rb/,2,4,2
126,арлы,ɑ r l ə,/rl/,2,4,2
127,арман,ɑ r m ɑ n,/rm/n,2,5,1.5
128,арманың,ɑ r m ɑ n ə ŋ,/rm/n/ŋ,3,7,1.3333333333333333
129,арнап,ɑ r n ɑ p,/rn/p,2,5,1.5
130,арсызға,ɑ r s ə z ʁ ɑ,/rs/zʁ/,3,7,2
131,артта,ɑ r t t ɑ,/rtt/,2,5,3
132,артылды.,ɑ r t ə l d ə,/rt/ld/,3,7,2
133,артық,ɑ r t ə q,/rt/q,2,5,1.5
134,артық.,ɑ r t ə q,/rt/q,2,5,1.5
135,ары,ɑ r ə,/r/,2,3,1
136,"арылмас,",ɑ r ə l m ɑ s,/r/lm/s,3,7,1.3333333333333333
137,"арымас,",ɑ r ə m ɑ s,/r/m/s,3,6,1
138,арын,ɑ r ə n,/r/n,2,4,1
139,арыса,ɑ r ə s ɑ,/r/s/,3,5,1
140,"арыса,",ɑ r ə s ɑ,/r/s/,3,5,1
141,арыстанның,ɑ r ə s t ɑ n n ə ŋ,/r/st/nn/ŋ,4,10,1.5
142,арық,ɑ r ə q,/r/q,2,4,1
143,арықты,ɑ r ə q t ə,/r/qt/,3,6,1.5
144,арықтың,ɑ r ə q t ə ŋ,/r/qt/ŋ,3,7,1.3333333333333333
145,арға,ɑ r ʁ ɑ,/rʁ/,2,4,2
146,арғымақ,ɑ r ʁ ə m ɑ q,/rʁ/m/q,3,7,1.3333333333333333
147,арқасында,ɑ r q ɑ s ə n d ɑ,/rq/s/nd/,4,9,1.6666666666666667
148,ас,ɑ s,/s,1,2,1
149,асауға,ɑ s ɑ w ʁ ɑ,/s/wʁ/,3,6,1.5
150,аспаздың,ɑ s p ɑ z d ə ŋ,/sp/zd/ŋ,3,8,1.6666666666666667
151,аспақ,ɑ s p ɑ q,/sp/q,2,5,1.5
152,асты,ɑ s t ə,/st/,2,4,2
153,асыл,ɑ s ə l,/s/l,2,4,1
154,асылы,ɑ s ə l ə,/s/l/,3,5,1
155,асырамайды.,ɑ s ə r ɑ m ɑ j d ə,/s/r/m/jd/,5,10,1.25
156,асырамаған,ɑ s ə r ɑ m ɑ ʁ ɑ n,/s/r/m/ʁ/n,5,10,1
157,"асырасаң,",ɑ s ə r ɑ s ɑ ŋ,/s/r/s/ŋ,4,8,1
158,асыраған,ɑ s ə r ɑ ʁ ɑ n,/s/r/ʁ/n,4,8,1
159,асықпаған,ɑ s ə q p ɑ ʁ ɑ n,/s/qp/ʁ/n,4,9,1.25
160,асыққан,ɑ s ə q q ɑ n,/s/qq/n,3,7,1.3333333333333333
161,"асыңды,",ɑ s ə ŋ d ə,/s/ŋd/,3,6,1.5
162,асқа,ɑ s q ɑ,/sq/,2,4,2
163,асқа.,ɑ s q ɑ,/sq/,2,4,2
164,асқанына,ɑ s q ɑ n ə n ɑ,/sq/n/n/,4,8,1.3333333333333333
165,ат,ɑ t,/t,1,2,1
166,атадан,ɑ t ɑ d ɑ n,/t/d/n,3,6,1
167,атанның,ɑ t ɑ n n ə ŋ,/t/nn/ŋ,3,7,1.3333333333333333
168,атап-атап,ɑ t ɑ p ɑ t ɑ p,/t/p/t/p,4,8,1
169,атасы,ɑ t ɑ s ə,/t/s/,3,5,1
170,атасын,ɑ t ɑ s ə n,/t/s/n,3,6,1
171,атауы,ɑ t ɑ w ə,/t/w/,3,5,1
172,атаңның,ɑ t ɑ ŋ n ə ŋ,/t/ŋn/ŋ,3,7,1.3333333333333333
173,атдорбасын,ɑ t d o r b ɑ s ə n,/td/rb/s/n,4,10,1.5
174,атекем,ɑ t j e k j e m,/tj/kj/m,3,8,1.6666666666666667
175,атпен,ɑ t p j e n,/tpj/n,2,6,2
176,атпенен,ɑ t p j e n j e n,/tpj/nj/n,3,9,2
177,атсыздың,ɑ t s ə z d ə ŋ,/ts/zd/ŋ,3,8,1.6666666666666667
178,атты,ɑ t t ə,/tt/,2,4,2
179,аттылы,ɑ t t ə l ə,/tt/l/,3,6,1.5
180,аттың,ɑ t t ə ŋ,/tt/ŋ,2,5,1.5
181,аты,ɑ t ə,/t/,2,3,1
182,атын,ɑ t ə n,/t/n,2,4,1
183,атын.,ɑ t ə n,/t/n,2,4,1
184,атың,ɑ t ə ŋ,/t/ŋ,2,4,1
185,"атың,",ɑ t ə ŋ,/t/ŋ,2,4,1
186,атың.,ɑ t ə ŋ,/t/ŋ,2,4,1
187,атқа,ɑ t q ɑ,/tq/,2,4,2
188,ау,ɑ w,/w,1,2,1
189,аударма.,ɑ w d ɑ r m ɑ,/wd/rm/,3,7,2
190,аударыспақ,ɑ w d ɑ r ə s p ɑ q,/wd/r/sp/q,4,10,1.5
191,аузы,ɑ w z ə,/wz/,2,4,2
192,аузы-мұрныңды,ɑ w z ə m ʊ r n ə ŋ d ə,/wz/m/rn/ŋd/,5,12,1.75
193,аузын,ɑ w z ə n,/wz/n,2,5,1.5
194,аузынан,ɑ w z ə n ɑ n,/wz/n/n,3,7,1.3333333333333333
195,"аузында,",ɑ w z ə n d ɑ,/wz/nd/,3,7,2
196,аузыңды,ɑ w z ə ŋ d ə,/wz/ŋd/,3,7,2
197,ауру,ɑ w r w,/wrw,1,4,3
198,ауыз,ɑ w ə z,/w/z,2,4,1
199,ауыздан,ɑ w ə z d ɑ n,/w/zd/n,3,7,1.3333333333333333
200,ауызға,ɑ w ə z ʁ ɑ,/w/zʁ/,3,6,1.5
201,ауыл,ɑ w ə l,/w/l,2,4,1
202,ауылға,ɑ w ə l ʁ ɑ,/w/lʁ/,3,6,1.5
203,ауыр,ɑ w ə r,/w/r,2,4,1
204,ауырады.,ɑ w ə r ɑ d ə,/w/r/d/,4,7,1
205,ауырды,ɑ w ə r d ə,/w/rd/,3,6,1.5
206,ауыртқан,ɑ w ə r t q ɑ n,/w/rtq/n,3,8,1.6666666666666667
207,"ауысады,",ɑ w ə s ɑ d ə,/w/s/d/,4,7,1
208,аш,ɑ ʃ,/ʃ,1,2,1
209,"ашар,",ɑ ʃ ɑ r,/ʃ/r,2,4,1
210,ашар.,ɑ ʃ ɑ r,/ʃ/r,2,4,1
211,ашаршылықты,ɑ ʃ ɑ r ʃ ə l ə q t ə,/ʃ/rʃ/l/qt/,5,11,1.5
212,ашты,ɑ ʃ t ə,/ʃt/,2,4,2
213,аштық,ɑ ʃ t ə q,/ʃt/q,2,5,1.5
214,аштың,ɑ ʃ t ə ŋ,/ʃt/ŋ,2,5,1.5
215,ашу,ɑ ʃ w,/ʃw,1,3,2
216,ашушаңның,ɑ ʃ w ʃ ɑ ŋ n ə ŋ,/ʃwʃ/ŋn/ŋ,3,9,2
217,ашуы,ɑ ʃ w ə,/ʃw/,2,4,2
218,ашып,ɑ ʃ ə p,/ʃ/p,2,4,1
219,ашыққаннан,ɑ ʃ ə q q ɑ n n ɑ n,/ʃ/qq/nn/n,4,10,1.5
220,ашқан,ɑ ʃ q ɑ n,/ʃq/n,2,5,1.5
221,ащы,ɑ ɕː ə,/ɕː/,2,4,2
222,аяулы,ɑ j ɑ w l ə,/j/wl/,3,6,1.5
223,аяған,ɑ j ɑ ʁ ɑ n,/j/ʁ/n,3,6,1
224,аяғы,ɑ j ɑ ʁ ə,/j/ʁ/,3,5,1
225,аяғынан,ɑ j ɑ ʁ ə n ɑ n,/j/ʁ/n/n,4,8,1
226,аяқ,ɑ j ɑ q,/j/q,2,4,1
227,ағадан,ɑ ʁ ɑ d ɑ n,/ʁ/d/n,3,6,1
228,ағайын,ɑ ʁ ɑ j ə n,/ʁ/j/n,3,6,1
229,ағайынның,ɑ ʁ ɑ j ə n n ə ŋ,/ʁ/j/nn/ŋ,4,9,1.25
230,ағайының,ɑ ʁ ɑ j ə n ə ŋ,/ʁ/j/n/ŋ,4,8,1
231,ағамның,ɑ ʁ ɑ m n ə ŋ,/ʁ/mn/ŋ,3,7,1.3333333333333333
232,ағасыз,ɑ ʁ ɑ s ə z,/ʁ/s/z,3,6,1
233,ағаш,ɑ ʁ ɑ ʃ,/ʁ/ʃ,2,4,1
234,ағашын,ɑ ʁ ɑ ʃ ə n,/ʁ/ʃ/n,3,6,1
235,ағаңды,ɑ ʁ ɑ ŋ d ə,/ʁ/ŋd/,3,6,1.5
236,ағын,ɑ ʁ ə n,/ʁ/n,2,4,1
237,ағып,ɑ ʁ ə p,/ʁ/p,2,4,1
238,ақ,ɑ q,/q,1,2,1
239,ақсағанда,ɑ q s ɑ ʁ ɑ n d ɑ,/qs/ʁ/nd/,4,9,1.6666666666666667
240,ақсақты,ɑ q s ɑ q t ə,/qs/qt/,3,7,2
241,ақшамда,ɑ q ʃ ɑ m d ɑ,/qʃ/md/,3,7,2
242,ақшаң,ɑ q ʃ ɑ ŋ,/qʃ/ŋ,2,5,1.5
243,ақыл,ɑ q ə l,/q/l,2,4,1
244,"ақыл,",ɑ q ə l,/q/l,2,4,1
245,ақылда,ɑ q ə l d ɑ,/q/ld/,3,6,1.5
246,ақылдан,ɑ q ə l d ɑ n,/q/ld/n,3,7,1.3333333333333333
247,ақылды,ɑ q ə l d ə,/q/ld/,3,6,1.5
248,ақылдының,ɑ q ə l d ə n ə ŋ,/q/ld/n/ŋ,4,9,1.25
249,ақылдың,ɑ q ə l d ə ŋ,/q/ld/ŋ,3,7,1.3333333333333333
250,ақылмен,ɑ q ə l m j e n,/q/lmj/n,3,8,1.6666666666666667
251,ақылсыз,ɑ q ə l s ə z,/q/ls/z,3,7,1.3333333333333333
252,ақылы,ɑ q ə l ə,/q/l/,3,5,1
253,ақылыңды,ɑ q ə l ə ŋ d ə,/q/l/ŋd/,4,8,1.3333333333333333
254,ақылға,ɑ q ə l ʁ ɑ,/q/lʁ/,3,6,1.5
255,ақымақ,ɑ q ə m ɑ q,/q/m/q,3,6,1
256,ақымақтың,ɑ q ə m ɑ q t ə ŋ,/q/m/qt/ŋ,4,9,1.25
257,ақымаққа,ɑ q ə m ɑ q q ɑ,/q/m/qq/,4,8,1.3333333333333333
258,ақынның,ɑ q ə n n ə ŋ,/q/nn/ŋ,3,7,1.3333333333333333
259,ақырына,ɑ q ə r ə n ɑ,/q/r/n/,4,7,1
260,ақысын,ɑ q ə s ə n,/q/s/n,3,6,1
261,аңдиды.,ɑ ŋ d i j d ə,/ŋd/jd/,3,7,2
262,аңқаудың,ɑ ŋ q ɑ w d ə ŋ,/ŋq/wd/ŋ,3,8,1.6666666666666667
263,бажа,b ɑ ʒ ɑ,b/ʒ/,2,4,1
264,бажаны,b ɑ ʒ ɑ n ə,b/ʒ/n/,3,6,1
265,базар,b ɑ z ɑ r,b/z/r,2,5,1
266,"базар,",b ɑ z ɑ r,b/z/r,2,5,1
267,базарлы.,b ɑ z ɑ r l ə,b/z/rl/,3,7,1.3333333333333333
268,бай,b ɑ j,b/j,1,3,1
269,байиды.,b ɑ j i j d ə,b/j/jd/,3,7,1.3333333333333333
270,байлар,b ɑ j l ɑ r,b/jl/r,2,6,1.3333333333333333
271,байлатпас.,b ɑ j l ɑ t p ɑ s,b/jl/tp/s,3,9,1.5
272,байлығыңды,b ɑ j l ə ʁ ə ŋ d ə,b/jl/ʁ/ŋd/,4,10,1.5
273,байлық,b ɑ j l ə q,b/jl/q,2,6,1.3333333333333333
274,"байлық,",b ɑ j l ə q,b/jl/q,2,6,1.3333333333333333
275,байлықта,b ɑ j l ə q t ɑ,b/jl/qt/,3,8,1.6666666666666667
276,байлықтың,b ɑ j l ə q t ə ŋ,b/jl/qt/ŋ,3,9,1.5
277,байтал,b ɑ j t ɑ l,b/jt/l,2,6,1.3333333333333333
278,байымай,b ɑ j ə m ɑ j,b/j/m/j,3,7,1
279,байымас.,b ɑ j ə m ɑ s,b/j/m/s,3,7,1
280,байымен,b ɑ j ə m j e n,b/j/mj/n,3,8,1.25
281,байысын.,b ɑ j ə s ə n,b/j/s/n,3,7,1
282,"байқар,",b ɑ j q ɑ r,b/jq/r,2,6,1.3333333333333333
283,бала,b ɑ l ɑ,b/l/,2,4,1
284,"бала,",b ɑ l ɑ,b/l/,2,4,1
285,баладан,b ɑ l ɑ d ɑ n,b/l/d/n,3,7,1
286,баладан.,b ɑ l ɑ d ɑ n,b/l/d/n,3,7,1
287,баланы,b ɑ l ɑ n ə,b/l/n/,3,6,1
288,баланың,b ɑ l ɑ n ə ŋ,b/l/n/ŋ,3,7,1
289,"балап,",b ɑ l ɑ p,b/l/p,2,5,1
290,баласы,b ɑ l ɑ s ə,b/l/s/,3,6,1
291,"баласы,",b ɑ l ɑ s ə,b/l/s/,3,6,1
292,баласы.,b ɑ l ɑ s ə,b/l/s/,3,6,1
293,балаң,b ɑ l ɑ ŋ,b/l/ŋ,2,5,1
294,балдай.,b ɑ l d ɑ j,b/ld/j,2,6,1.3333333333333333
295,балуанның,b ɑ l w ɑ n n ə ŋ,b/lw/nn/ŋ,3,9,1.5
296,балықшы,b ɑ l ə q ʃ ə,b/l/qʃ/,3,7,1.3333333333333333
297,бап.,b ɑ p,b/p,1,3,1
298,бар,b ɑ r,b/r,1,3,1
299,"бар,",b ɑ r,b/r,1,3,1
300,бар.,b ɑ r,b/r,1,3,1
301,бара,b ɑ r ɑ,b/r/,2,4,1
302,бардың,b ɑ r d ə ŋ,b/rd/ŋ,2,6,1.3333333333333333
303,барма.,b ɑ r m ɑ,b/rm/,2,5,1.5
304,бары,b ɑ r ə,b/r/,2,4,1
305,барын,b ɑ r ə n,b/r/n,2,5,1
306,бас,b ɑ s,b/s,1,3,1
307,басады.,b ɑ s ɑ d ə,b/s/d/,3,6,1
308,"баспа,",b ɑ s p ɑ,b/sp/,2,5,1.5
309,"басса,",b ɑ s s ɑ,b/ss/,2,5,1.5
310,"баста,",b ɑ s t ɑ,b/st/,2,5,1.5
311,басталатын,b ɑ s t ɑ l ɑ t ə n,b/st/l/t/n,4,10,1.2
312,бастан.,b ɑ s t ɑ n,b/st/n,2,6,1.3333333333333333
313,басшы,b ɑ s ʃ ə,b/sʃ/,2,5,1.5
314,басшы.,b ɑ s ʃ ə,b/sʃ/,2,5,1.5
315,басы,b ɑ s ə,b/s/,2,4,1
316,басылар.,b ɑ s ə l ɑ r,b/s/l/r,3,7,1
317,басым,b ɑ s ə m,b/s/m,2,5,1
318,басын,b ɑ s ə n,b/s/n,2,5,1
319,басына,b ɑ s ə n ɑ,b/s/n/,3,6,1
320,басында,b ɑ s ə n d ɑ,b/s/nd/,3,7,1.3333333333333333
321,"басында,",b ɑ s ə n d ɑ,b/s/nd/,3,7,1.3333333333333333
322,басынып,b ɑ s ə n ə p,b/s/n/p,3,7,1
323,басыңа,b ɑ s ə ŋ ɑ,b/s/ŋ/,3,6,1
324,"басыңды,",b ɑ s ə ŋ d ə,b/s/ŋd/,3,7,1.3333333333333333
325,басыңды.,b ɑ s ə ŋ d ə,b/s/ŋd/,3,7,1.3333333333333333
326,басыңнан,b ɑ s ə ŋ n ɑ n,b/s/ŋn/n,3,8,1.25
327,басқа,b ɑ s q ɑ,b/sq/,2,5,1.5
328,басқа.,b ɑ s q ɑ,b/sq/,2,5,1.5
329,басқадан,b ɑ s q ɑ d ɑ n,b/sq/d/n,3,8,1.25
330,басқаны,b ɑ s q ɑ n ə,b/sq/n/,3,7,1.3333333333333333
331,батамен,b ɑ t ɑ m j e n,b/t/mj/n,3,8,1.25
332,батасың,b ɑ t ɑ s ə ŋ,b/t/s/ŋ,3,7,1
333,"батса,",b ɑ t s ɑ,b/ts/,2,5,1.5
334,батыл,b ɑ t ə l,b/t/l,2,5,1
335,"батып,",b ɑ t ə p,b/t/p,2,5,1
336,батыр,b ɑ t ə r,b/t/r,2,5,1
337,батырдың,b ɑ t ə r d ə ŋ,b/t/rd/ŋ,3,8,1.25
338,батырға,b ɑ t ə r ʁ ɑ,b/t/rʁ/,3,7,1.3333333333333333
339,бауыр,b ɑ w ə r,b/w/r,2,5,1
340,бауыры,b ɑ w ə r ə,b/w/r/,3,6,1
341,баға,b ɑ ʁ ɑ,b/ʁ/,2,4,1
342,бағың,b ɑ ʁ ə ŋ,b/ʁ/ŋ,2,5,1
343,бақ,b ɑ q,b/q,1,3,1
344,"бақ,",b ɑ q,b/q,1,3,1
345,бақ.,b ɑ q,b/q,1,3,1
346,"бақсаң,",b ɑ q s ɑ ŋ,b/qs/ŋ,2,6,1.3333333333333333
347,бақыл,b ɑ q ə l,b/q/l,2,5,1
348,"бақылдық,",b ɑ q ə l d ə q,b/q/ld/q,3,8,1.25
349,бақырауық,b ɑ q ə r ɑ w ə q,b/q/r/w/q,4,9,1
350,бақыт,b ɑ q ə t,b/q/t,2,5,1
351,бақыт.,b ɑ q ə t,b/q/t,2,5,1
352,баққан,b ɑ q q ɑ n,b/qq/n,2,6,1.3333333333333333
353,бездіретін,b j e z d ɪ r j e t ɪ n,bj/zd/rj/t/n,4,12,1.6
354,безеді.,b j e z j e d ɪ,bj/zj/d/,3,8,1.6666666666666667
355,безеуінен,b j e z j e w ɪ n j e n,bj/zj/w/nj/n,4,12,1.6
356,бейбітшілік,b j e j b ɪ t ʃ ɪ l ɪ k,bj/jb/tʃ/l/k,4,12,1.6
357,бейқамдық,b j e j q ɑ m d ə q,bj/jq/md/q,3,10,1.75
358,бекер,b j e k j e r,bj/kj/r,2,7,1.6666666666666667
359,бекітпе.,b j e k ɪ t p j e,bj/k/tpj/,3,9,2
360,белгілі.,b j e l ɡ ɪ l ɪ,bj/lɡ/l/,3,8,1.6666666666666667
361,белден,b j e l d j e n,bj/ldj/n,2,8,2
362,белдескенде,b j e l d j e s k j e n d j e,bj/ldj/skj/ndj/,4,15,2.75
363,бер!,b j e r,bj/r,1,4,1.5
364,"бер,",b j e r,bj/r,1,4,1.5
365,бер.,b j e r,bj/r,1,4,1.5
366,берген,b j e r ɡ j e n,bj/rɡj/n,2,8,2
367,"бергенше,",b j e r ɡ j e n ʃ j e,bj/rɡj/nʃj/,3,11,2.6666666666666665
368,берді,b j e r d ɪ,bj/rd/,2,6,2
369,бердім.,b j e r d ɪ m,bj/rd/m,2,7,1.6666666666666667
370,береді,b j e r j e d ɪ,bj/rj/d/,3,8,1.6666666666666667
371,береді.,b j e r j e d ɪ,bj/rj/d/,3,8,1.6666666666666667
372,береке,b j e r j e k j e,bj/rj/kj/,3,9,2
373,берекесіз,b j e r j e k j e s ɪ z,bj/rj/kj/s/z,4,12,1.6
374,"берер,",b j e r j e r,bj/rj/r,2,7,1.6666666666666667
375,берер.,b j e r j e r,bj/rj/r,2,7,1.6666666666666667
376,"берме,",b j e r m j e,bj/rmj/,2,7,2.5
377,берме.,b j e r m j e,bj/rmj/,2,7,2.5
378,бермегенді,b j e r m j e ɡ j e n d ɪ,bj/rmj/ɡj/nd/,4,13,2.25
379,бермей,b j e r m j e j,bj/rmj/j,2,8,2
380,бермес,b j e r m j e s,bj/rmj/s,2,8,2
381,берсең,b j e r s j e ŋ,bj/rsj/ŋ,2,8,2
382,беріп,b j e r ɪ p,bj/r/p,2,6,1.3333333333333333
383,бесатар,b j e s ɑ t ɑ r,bj/s/t/r,3,8,1.25
384,бесік,b j e s ɪ k,bj/s/k,2,6,1.3333333333333333
385,бесқалаға,b j e s q ɑ l ɑ ʁ ɑ,bj/sq/l/ʁ/,4,10,1.5
386,беттемейді.,b j e t t j e m j e j d ɪ,bj/ttj/mj/jd/,4,13,2.25
387,бетті,b j e t t ɪ,bj/tt/,2,6,2
388,беті,b j e t ɪ,bj/t/,2,5,1.5
389,бетінде,b j e t ɪ n d j e,bj/t/ndj/,3,9,2
390,бетіндегі,b j e t ɪ n d j e ɡ ɪ,bj/t/ndj/ɡ/,4,11,1.75
391,би,b i j,b/j,1,3,1
392,биге,b i j ɡ j e,b/jɡj/,2,6,2
393,бой,b o j,b/j,1,3,1
394,бойға,b o j ʁ ɑ,b/jʁ/,2,5,1.5
395,бол!,b o l,b/l,1,3,1
396,"бол,",b o l,b/l,1,3,1
397,бол.,b o l,b/l,1,3,1
398,болады,b o l ɑ d ə,b/l/d/,3,6,1
399,"болады,",b o l ɑ d ə,b/l/d/,3,6,1
400,болады.,b o l ɑ d ə,b/l/d/,3,6,1
401,боладысы,b o l ɑ d ə s ə,b/l/d/s/,4,8,1
402,болар,b o l ɑ r,b/l/r,2,5,1
403,болар.,b o l ɑ r,b/l/r,2,5,1
404,"боларсың,",b o l ɑ r s ə ŋ,b/l/rs/ŋ,3,8,1.25
405,боларсың.,b o l ɑ r s ə ŋ,b/l/rs/ŋ,3,8,1.25
406,болат,b o l ɑ t,b/l/t,2,5,1
407,"болды,",b o l d ə,b/ld/,2,5,1.5
408,болды.,b o l d ə,b/ld/,2,5,1.5
409,болдым.,b o l d ə m,b/ld/m,2,6,1.3333333333333333
410,болма!,b o l m ɑ,b/lm/,2,5,1.5
411,"болма,",b o l m ɑ,b/lm/,2,5,1.5
412,"болмай,",b o l m ɑ j,b/lm/j,2,6,1.3333333333333333
413,"болмайды,",b o l m ɑ j d ə,b/lm/jd/,3,8,1.6666666666666667
414,болмайды.,b o l m ɑ j d ə,b/lm/jd/,3,8,1.6666666666666667
415,болмайсың.,b o l m ɑ j s ə ŋ,b/lm/js/ŋ,3,9,1.5
416,болмас,b o l m ɑ s,b/lm/s,2,6,1.3333333333333333
417,"болмас,",b o l m ɑ s,b/lm/s,2,6,1.3333333333333333
418,болмас.,b o l m ɑ s,b/lm/s,2,6,1.3333333333333333
419,"болмаса,",b o l m ɑ s ɑ,b/lm/s/,3,7,1.3333333333333333
420,болмасқа,b o l m ɑ s q ɑ,b/lm/sq/,3,8,1.6666666666666667
421,болмау,b o l m ɑ w,b/lm/w,2,6,1.3333333333333333
422,болса,b o l s ɑ,b/ls/,2,5,1.5
423,"болса,",b o l s ɑ,b/ls/,2,5,1.5
424,болса.,b o l s ɑ,b/ls/,2,5,1.5
425,болсаң,b o l s ɑ ŋ,b/ls/ŋ,2,6,1.3333333333333333
426,"болсаң,",b o l s ɑ ŋ,b/ls/ŋ,2,6,1.3333333333333333
427,болсын.,b o l s ə n,b/ls/n,2,6,1.3333333333333333
428,болып,b o l ə p,b/l/p,2,5,1
429,болған,b o l ʁ ɑ n,b/lʁ/n,2,6,1.3333333333333333
430,"болғанша,",b o l ʁ ɑ n ʃ ɑ,b/lʁ/nʃ/,3,8,1.6666666666666667
431,болғанына,b o l ʁ ɑ n ə n ɑ,b/lʁ/n/n/,4,9,1.25
432,"болғанынан,",b o l ʁ ɑ n ə n ɑ n,b/lʁ/n/n/n,4,10,1.2
433,боранды,b o r ɑ n d ə,b/r/nd/,3,7,1.3333333333333333
434,борыш.,b o r ə ʃ,b/r/ʃ,2,5,1
435,бос,b o s,b/s,1,3,1
436,бостырар.,b o s t ə r ɑ r,b/st/r/r,3,8,1.25
437,бота,b o t ɑ,b/t/,2,4,1
438,бояуы,b o j ɑ w ə,b/j/w/,3,6,1
439,боғы,b o ʁ ə,b/ʁ/,2,4,1
440,боқ,b o q,b/q,1,3,1
441,быламықты,b ə l ɑ m ə q t ə,b/l/m/qt/,4,9,1.25
442,білгендігің,b ɪ l ɡ j e n d ɪ ɡ ɪ ŋ,b/lɡj/nd/ɡ/ŋ,4,12,1.6
443,"білдірмес,",b ɪ l d ɪ r m j e s,b/ld/rmj/s,3,10,1.75
444,білдірмес.,b ɪ l d ɪ r m j e s,b/ld/rmj/s,3,10,1.75
445,"біледі,",b ɪ l j e d ɪ,b/lj/d/,3,7,1.3333333333333333
446,білектер.,b ɪ l j e k t j e r,b/lj/ktj/r,3,10,1.75
447,"білер,",b ɪ l j e r,b/lj/r,2,6,1.3333333333333333
448,білер.,b ɪ l j e r,b/lj/r,2,6,1.3333333333333333
449,білерсің.,b ɪ l j e r s ɪ ŋ,b/lj/rs/ŋ,3,9,1.5
450,білетұғыннан,b ɪ l j e t ʊ ʁ ə n n ɑ n,b/lj/t/ʁ/nn/n,5,13,1.3333333333333333
451,білмеген,b ɪ l m j e ɡ j e n,b/lmj/ɡj/n,3,10,1.75
452,білмегенді,b ɪ l m j e ɡ j e n d ɪ,b/lmj/ɡj/nd/,4,12,2
453,білмейтұғыннан,b ɪ l m j e j t ʊ ʁ ə n n ɑ n,b/lmj/jt/ʁ/nn/n,5,15,1.6666666666666667
454,білмес.,b ɪ l m j e s,b/lmj/s,2,7,1.6666666666666667
455,"білсең,",b ɪ l s j e ŋ,b/lsj/ŋ,2,7,1.6666666666666667
456,білім,b ɪ l ɪ m,b/l/m,2,5,1
457,білімге,b ɪ l ɪ m ɡ j e,b/l/mɡj/,3,8,1.6666666666666667
458,білімдіден,b ɪ l ɪ m d ɪ d j e n,b/l/md/dj/n,4,11,1.4
459,біліммен,b ɪ l ɪ m m j e n,b/l/mmj/n,3,9,1.5
460,білімсіз,b ɪ l ɪ m s ɪ z,b/l/ms/z,3,8,1.25
461,"білінбес,",b ɪ l ɪ n b j e s,b/l/nbj/s,3,9,1.5
462,білінбес.,b ɪ l ɪ n b j e s,b/l/nbj/s,3,9,1.5
463,"білінеді,",b ɪ l ɪ n j e d ɪ,b/l/nj/d/,4,9,1.25
464,білінеді.,b ɪ l ɪ n j e d ɪ,b/l/nj/d/,4,9,1.25
465,білінер,b ɪ l ɪ n j e r,b/l/nj/r,3,8,1.25
466,"білінер,",b ɪ l ɪ n j e r,b/l/nj/r,3,8,1.25
467,білінер.,b ɪ l ɪ n j e r,b/l/nj/r,3,8,1.25
468,бір,b ɪ r,b/r,1,3,1
469,"бір,",b ɪ r,b/r,1,3,1
470,бірге,b ɪ r ɡ j e,b/rɡj/,2,6,2
471,"бірдей,",b ɪ r d j e j,b/rdj/j,2,7,1.6666666666666667
472,бірдей.,b ɪ r d j e j,b/rdj/j,2,7,1.6666666666666667
473,біреуге,b ɪ r j e w ɡ j e,b/rj/wɡj/,3,9,2
474,біреуді,b ɪ r j e w d ɪ,b/rj/wd/,3,8,1.6666666666666667
475,біреудің,b ɪ r j e w d ɪ ŋ,b/rj/wd/ŋ,3,9,1.5
476,бірлігімен,b ɪ r l ɪ ɡ ɪ m j e n,b/rl/ɡ/mj/n,4,11,1.4
477,бірліктен,b ɪ r l ɪ k t j e n,b/rl/ktj/n,3,10,1.75
478,бірі,b ɪ r ɪ,b/r/,2,4,1
479,бірі.,b ɪ r ɪ,b/r/,2,4,1
480,бірін,b ɪ r ɪ n,b/r/n,2,5,1
481,бірін-бірі,b ɪ r ɪ n b ɪ r ɪ,b/r/nb/r/,4,9,1.25
482,"бітер,",b ɪ t j e r,b/tj/r,2,6,1.3333333333333333
483,бітер.,b ɪ t j e r,b/tj/r,2,6,1.3333333333333333
484,бітпейді.,b ɪ t p j e j d ɪ,b/tpj/jd/,3,9,2
485,"бітпес,",b ɪ t p j e s,b/tpj/s,2,7,1.6666666666666667
486,бітпес.,b ɪ t p j e s,b/tpj/s,2,7,1.6666666666666667
487,"бітсе,",b ɪ t s j e,b/tsj/,2,6,2
488,бітірер,b ɪ t ɪ r j e r,b/t/rj/r,3,8,1.25
489,бітірер.,b ɪ t ɪ r j e r,b/t/rj/r,3,8,1.25
490,бүлдіру,b ʏ l d ɪ r w,b/ld/rw,2,7,1.6666666666666667
491,бүріккені,b ʏ r ɪ k k j e n ɪ,b/r/kkj/n/,4,10,1.5
492,бұзау,b ʊ z ɑ w,b/z/w,2,5,1
493,бұзауға,b ʊ z ɑ w ʁ ɑ,b/z/wʁ/,3,7,1.3333333333333333
494,бұйырмаған,b ʊ j ə r m ɑ ʁ ɑ n,b/j/rm/ʁ/n,4,10,1.2
495,бұйырған,b ʊ j ə r ʁ ɑ n,b/j/rʁ/n,3,8,1.25
496,бұрын,b ʊ r ə n,b/r/n,2,5,1
497,бұтаға,b ʊ t ɑ ʁ ɑ,b/t/ʁ/,3,6,1
498,бәле,b æ l j e,b/lj/,2,5,1.5
499,бәрі,b æ r ɪ,b/r/,2,4,1
500,бәрі.,b æ r ɪ,b/r/,2,4,1
501,бөлінбе.,b ʏ l ɪ n b j e,b/l/nbj/,3,8,1.6666666666666667
502,бөлінсең,b ʏ l ɪ n s j e ŋ,b/l/nsj/ŋ,3,9,1.5
503,бөрісінен,b ʏ r ɪ s ɪ n j e n,b/r/s/nj/n,4,10,1.2
504,гүл,ɡ ʏ l,ɡ/l,1,3,1
505,гүлденген,ɡ ʏ l d j e n ɡ j e n,ɡ/ldj/nɡj/n,3,11,2
506,гүрілдеп,ɡ ʏ r ɪ l d j e p,ɡ/r/ldj/p,3,9,1.5
507,да,d ɑ,d/,1,2,1
508,"да,",d ɑ,d/,1,2,1
509,да.,d ɑ,d/,1,2,1
510,дарияға,d ɑ r i j j ɑ ʁ ɑ,d/r/jj/ʁ/,4,9,1.25
511,дарыса,d ɑ r ə s ɑ,d/r/s/,3,6,1
512,даттама.,d ɑ t t ɑ m ɑ,d/tt/m/,3,7,1.3333333333333333
513,дау,d ɑ w,d/w,1,3,1
514,дауды,d ɑ w d ə,d/wd/,2,5,1.5
515,дауы,d ɑ w ə,d/w/,2,4,1
516,дауынан,d ɑ w ə n ɑ n,d/w/n/n,3,7,1
517,дауға,d ɑ w ʁ ɑ,d/wʁ/,2,5,1.5
518,де,d j e,dj/,1,3,2
519,"де,",d j e,dj/,1,3,2
520,де.,d j e,dj/,1,3,2
521,деген,d j e ɡ j e n,dj/ɡj/n,2,7,1.6666666666666667
522,"дегенше,",d j e ɡ j e n ʃ j e,dj/ɡj/nʃj/,3,10,2.3333333333333335
523,"дегізбейді,",d j e ɡ ɪ z b j e j d ɪ,dj/ɡ/zbj/jd/,4,12,2
524,"дейсің,",d j e j s ɪ ŋ,dj/js/ŋ,2,7,1.6666666666666667
525,дейсің.,d j e j s ɪ ŋ,dj/js/ŋ,2,7,1.6666666666666667
526,"деме,",d j e m j e,dj/mj/,2,6,2
527,демес,d j e m j e s,dj/mj/s,2,7,1.6666666666666667
528,"демес,",d j e m j e s,dj/mj/s,2,7,1.6666666666666667
529,демес.,d j e m j e s,dj/mj/s,2,7,1.6666666666666667
530,деп,d j e p,dj/p,1,4,1.5
531,"деп,",d j e p,dj/p,1,4,1.5
532,дертке,d j e r t k j e,dj/rtkj/,2,8,3
533,"десең,",d j e s j e ŋ,dj/sj/ŋ,2,7,1.6666666666666667
534,долы,d o l ə,d/l/,2,4,1
535,дос,d o s,d/s,1,3,1
536,достық,d o s t ə q,d/st/q,2,6,1.3333333333333333
537,достың,d o s t ə ŋ,d/st/ŋ,2,6,1.3333333333333333
538,досы,d o s ə,d/s/,2,4,1
539,досын,d o s ə n,d/s/n,2,5,1
540,досыңа,d o s ə ŋ ɑ,d/s/ŋ/,3,6,1
541,досыңның,d o s ə ŋ n ə ŋ,d/s/ŋn/ŋ,3,8,1.25
542,досқа,d o s q ɑ,d/sq/,2,5,1.5
543,доңызға,d o ŋ ə z ʁ ɑ,d/ŋ/zʁ/,3,7,1.3333333333333333
544,дүниенің,d ʏ n i j j e n ɪ ŋ,d/n/jj/n/ŋ,4,10,1.2
545,дұшпан,d ʊ ʃ p ɑ n,d/ʃp/n,2,6,1.3333333333333333
546,дұшпаның,d ʊ ʃ p ɑ n ə ŋ,d/ʃp/n/ŋ,3,8,1.25
547,дәрмен,d æ r m j e n,d/rmj/n,2,7,1.6666666666666667
548,дәрі,d æ r ɪ,d/r/,2,4,1
549,дәулет,d æ w l j e t,d/wlj/t,2,7,1.6666666666666667
550,ебелек,j e b j e l j e k,j/bj/lj/k,3,9,1.5
551,"егессе,",j e ɡ j e s s j e,j/ɡj/ssj/,3,9,2
552,егіз,j e ɡ ɪ z,j/ɡ/z,2,5,1
553,егін,j e ɡ ɪ n,j/ɡ/n,2,5,1
554,"егін,",j e ɡ ɪ n,j/ɡ/n,2,5,1
555,еді.,j e d ɪ,j/d/,2,4,1
556,ежелден,j e ʒ j e l d j e n,j/ʒj/ldj/n,3,10,1.75
557,ез,j e z,j/z,1,3,1
558,екен,j e k j e n,j/kj/n,2,6,1.3333333333333333
559,"екен,",j e k j e n,j/kj/n,2,6,1.3333333333333333
560,екеуінің,j e k j e w ɪ n ɪ ŋ,j/kj/w/n/ŋ,4,10,1.2
561,ексең,j e k s j e ŋ,j/ksj/ŋ,2,7,1.6666666666666667
562,екі,j e k ɪ,j/k/,2,4,1
563,ел,j e l,j/l,1,3,1
564,елде,j e l d j e,j/ldj/,2,6,2
565,елден,j e l d j e n,j/ldj/n,2,7,1.6666666666666667
566,елді,j e l d ɪ,j/ld/,2,5,1.5
567,елдігін,j e l d ɪ ɡ ɪ n,j/ld/ɡ/n,3,8,1.25
568,елдің,j e l d ɪ ŋ,j/ld/ŋ,2,6,1.3333333333333333
569,елек,j e l j e k,j/lj/k,2,6,1.3333333333333333
570,елестер,j e l j e s t j e r,j/lj/stj/r,3,10,1.75
571,елігі,j e l ɪ ɡ ɪ,j/l/ɡ/,3,6,1
572,"елікте,",j e l ɪ k t j e,j/l/ktj/,3,8,1.6666666666666667
573,елін,j e l ɪ n,j/l/n,2,5,1
574,елің,j e l ɪ ŋ,j/l/ŋ,2,5,1
575,еліңе,j e l ɪ ŋ j e,j/l/ŋj/,3,7,1.3333333333333333
576,еліңнен,j e l ɪ ŋ n j e n,j/l/ŋnj/n,3,9,1.5
577,емерсің.,j e m j e r s ɪ ŋ,j/mj/rs/ŋ,3,9,1.5
578,емес,j e m j e s,j/mj/s,2,6,1.3333333333333333
579,"емес,",j e m j e s,j/mj/s,2,6,1.3333333333333333
580,емес.,j e m j e s,j/mj/s,2,6,1.3333333333333333
581,еместігі,j e m j e s t ɪ ɡ ɪ,j/mj/st/ɡ/,4,10,1.5
582,"емізер,",j e m ɪ z j e r,j/m/zj/r,3,8,1.25
583,"ендігәрі,",j e n d ɪ ɡ æ r ɪ,j/nd/ɡ/r/,4,9,1.25
584,епті,j e p t ɪ,j/pt/,2,5,1.5
585,ер,j e r,j/r,1,3,1
586,ергіш.,j e r ɡ ɪ ʃ,j/rɡ/ʃ,2,6,1.3333333333333333
587,ерден,j e r d j e n,j/rdj/n,2,7,1.6666666666666667
588,ерді,j e r d ɪ,j/rd/,2,5,1.5
589,ердің,j e r d ɪ ŋ,j/rd/ŋ,2,6,1.3333333333333333
590,ерегісте,j e r j e ɡ ɪ s t j e,j/rj/ɡ/stj/,4,11,1.75
591,ереуіл,j e r j e w ɪ l,j/rj/w/l,3,8,1.25
592,ерке,j e r k j e,j/rkj/,2,6,2
593,еркек,j e r k j e k,j/rkj/k,2,7,1.6666666666666667
594,ерлігін,j e r l ɪ ɡ ɪ n,j/rl/ɡ/n,3,8,1.25
595,ертең,j e r t j e ŋ,j/rtj/ŋ,2,7,1.6666666666666667
596,ертеңгі,j e r t j e ŋ ɡ ɪ,j/rtj/ŋɡ/,3,9,2
597,ерттеулі,j e r t t j e w l ɪ,j/rttj/wl/,3,10,2.3333333333333335
598,ерінбегеннің,j e r ɪ n b j e ɡ j e n n ɪ ŋ,j/r/nbj/ɡj/nn/ŋ,5,15,1.6666666666666667
599,еріне,j e r ɪ n j e,j/r/nj/,3,7,1.3333333333333333
600,ерің,j e r ɪ ŋ,j/r/ŋ,2,5,1
601,есеппен,j e s j e p p j e n,j/sj/ppj/n,3,10,1.75
602,есептескен,j e s j e p t j e s k j e n,j/sj/ptj/skj/n,4,14,2
603,есепті,j e s j e p t ɪ,j/sj/pt/,3,8,1.6666666666666667
604,есер,j e s j e r,j/sj/r,2,6,1.3333333333333333
605,ескі,j e s k ɪ,j/sk/,2,5,1.5
606,ессіз,j e s s ɪ z,j/ss/z,2,6,1.3333333333333333
607,естіген,j e s t ɪ ɡ j e n,j/st/ɡj/n,3,9,1.5
608,естігенді,j e s t ɪ ɡ j e n d ɪ,j/st/ɡj/nd/,4,11,1.75
609,есік,j e s ɪ k,j/s/k,2,5,1
610,есіл,j e s ɪ l,j/s/l,2,5,1
611,есің,j e s ɪ ŋ,j/s/ŋ,2,5,1
612,ет,j e t,j/t,1,3,1
613,"ет,",j e t,j/t,1,3,1
614,ет.,j e t,j/t,1,3,1
615,етегі,j e t j e ɡ ɪ,j/tj/ɡ/,3,7,1.3333333333333333
616,"етеді,",j e t j e d ɪ,j/tj/d/,3,7,1.3333333333333333
617,етеді.,j e t j e d ɪ,j/tj/d/,3,7,1.3333333333333333
618,етек,j e t j e k,j/tj/k,2,6,1.3333333333333333
619,етек-жеңі,j e t j e k ʒ j e ŋ ɪ,j/tj/kʒj/ŋ/,4,11,1.75
620,"етер,",j e t j e r,j/tj/r,2,6,1.3333333333333333
621,етер.,j e t j e r,j/tj/r,2,6,1.3333333333333333
622,еткеннің,j e t k j e n n ɪ ŋ,j/tkj/nn/ŋ,3,10,1.75
623,"етсең,",j e t s j e ŋ,j/tsj/ŋ,2,7,1.6666666666666667
624,етігімен,j e t ɪ ɡ ɪ m j e n,j/t/ɡ/mj/n,4,10,1.2
625,етігің,j e t ɪ ɡ ɪ ŋ,j/t/ɡ/ŋ,3,7,1
626,етікке,j e t ɪ k k j e,j/t/kkj/,3,8,1.6666666666666667
627,ешкі,j e ʃ k ɪ,j/ʃk/,2,5,1.5
628,еңбегі,j e ŋ b j e ɡ ɪ,j/ŋbj/ɡ/,3,8,1.6666666666666667
629,еңбек,j e ŋ b j e k,j/ŋbj/k,2,7,1.6666666666666667
630,еңбеккердің,j e ŋ b j e k k j e r d ɪ ŋ,j/ŋbj/kkj/rd/ŋ,4,14,2
631,еңбекпен,j e ŋ b j e k p j e n,j/ŋbj/kpj/n,3,11,2
632,еңбекші,j e ŋ b j e k ʃ ɪ,j/ŋbj/kʃ/,3,9,2
633,еңкейген,j e ŋ k j e j ɡ j e n,j/ŋkj/jɡj/n,3,11,2
634,жабыны,ʒ ɑ b ə n ə,ʒ/b/n/,3,6,1
635,жаз,ʒ ɑ z,ʒ/z,1,3,1
636,жазамыз?,ʒ ɑ z ɑ m ə z,ʒ/z/m/z,3,7,1
637,жазда,ʒ ɑ z d ɑ,ʒ/zd/,2,5,1.5
638,жазы,ʒ ɑ z ə,ʒ/z/,2,4,1
639,жазылмайды.,ʒ ɑ z ə l m ɑ j d ə,ʒ/z/lm/jd/,4,10,1.5
640,жазық,ʒ ɑ z ə q,ʒ/z/q,2,5,1
641,"жайлау,",ʒ ɑ j l ɑ w,ʒ/jl/w,2,6,1.3333333333333333
642,жал,ʒ ɑ l,ʒ/l,1,3,1
643,жаладан,ʒ ɑ l ɑ d ɑ n,ʒ/l/d/n,3,7,1
644,жалаңаштың,ʒ ɑ l ɑ ŋ ɑ ʃ t ə ŋ,ʒ/l/ŋ/ʃt/ŋ,4,10,1.2
645,жалдысы,ʒ ɑ l d ə s ə,ʒ/ld/s/,3,7,1.3333333333333333
646,жалтақ,ʒ ɑ l t ɑ q,ʒ/lt/q,2,6,1.3333333333333333
647,жалшының,ʒ ɑ l ʃ ə n ə ŋ,ʒ/lʃ/n/ŋ,3,8,1.25
648,жалын,ʒ ɑ l ə n,ʒ/l/n,2,5,1
649,жалынар.,ʒ ɑ l ə n ɑ r,ʒ/l/n/r,3,7,1
650,жалында,ʒ ɑ l ə n d ɑ,ʒ/l/nd/,3,7,1.3333333333333333
651,"жалынсаң,",ʒ ɑ l ə n s ɑ ŋ,ʒ/l/ns/ŋ,3,8,1.25
652,жалғыз,ʒ ɑ l ʁ ə z,ʒ/lʁ/z,2,6,1.3333333333333333
653,жалғыздық,ʒ ɑ l ʁ ə z d ə q,ʒ/lʁ/zd/q,3,9,1.5
654,жалқау,ʒ ɑ l q ɑ w,ʒ/lq/w,2,6,1.3333333333333333
655,жалқауға,ʒ ɑ l q ɑ w ʁ ɑ,ʒ/lq/wʁ/,3,8,1.6666666666666667
656,жалқы,ʒ ɑ l q ə,ʒ/lq/,2,5,1.5
657,жаман,ʒ ɑ m ɑ n,ʒ/m/n,2,5,1
658,"жаман,",ʒ ɑ m ɑ n,ʒ/m/n,2,5,1
659,жаман.,ʒ ɑ m ɑ n,ʒ/m/n,2,5,1
660,жаманда,ʒ ɑ m ɑ n d ɑ,ʒ/m/nd/,3,7,1.3333333333333333
661,жамандайды.,ʒ ɑ m ɑ n d ɑ j d ə,ʒ/m/nd/jd/,4,10,1.5
662,"жамандап,",ʒ ɑ m ɑ n d ɑ p,ʒ/m/nd/p,3,8,1.25
663,жамандығы,ʒ ɑ m ɑ n d ə ʁ ə,ʒ/m/nd/ʁ/,4,9,1.25
664,жамандықта.,ʒ ɑ m ɑ n d ə q t ɑ,ʒ/m/nd/qt/,4,10,1.5
665,жамандыққа,ʒ ɑ m ɑ n d ə q q ɑ,ʒ/m/nd/qq/,4,10,1.5
666,жаманмен,ʒ ɑ m ɑ n m j e n,ʒ/m/nmj/n,3,9,1.5
667,жаманнан,ʒ ɑ m ɑ n n ɑ n,ʒ/m/nn/n,3,8,1.25
668,жаманның,ʒ ɑ m ɑ n n ə ŋ,ʒ/m/nn/ŋ,3,8,1.25
669,жаманы,ʒ ɑ m ɑ n ə,ʒ/m/n/,3,6,1
670,жаманын,ʒ ɑ m ɑ n ə n,ʒ/m/n/n,3,7,1
671,жаманға,ʒ ɑ m ɑ n ʁ ɑ,ʒ/m/nʁ/,3,7,1.3333333333333333
672,жан,ʒ ɑ n,ʒ/n,1,3,1
673,жанар.,ʒ ɑ n ɑ r,ʒ/n/r,2,5,1
674,жанды,ʒ ɑ n d ə,ʒ/nd/,2,5,1.5
675,жаны,ʒ ɑ n ə,ʒ/n/,2,4,1
676,жанына,ʒ ɑ n ə n ɑ,ʒ/n/n/,3,6,1
677,жанып,ʒ ɑ n ə p,ʒ/n/p,2,5,1
678,"жанысаң,",ʒ ɑ n ə s ɑ ŋ,ʒ/n/s/ŋ,3,7,1
679,жанығаны,ʒ ɑ n ə ʁ ɑ n ə,ʒ/n/ʁ/n/,4,8,1
680,жаныңды,ʒ ɑ n ə ŋ d ə,ʒ/n/ŋd/,3,7,1.3333333333333333
681,жанға,ʒ ɑ n ʁ ɑ,ʒ/nʁ/,2,5,1.5
682,жап.,ʒ ɑ p,ʒ/p,1,3,1
683,жапты.,ʒ ɑ p t ə,ʒ/pt/,2,5,1.5
684,жар,ʒ ɑ r,ʒ/r,1,3,1
685,"жарады,",ʒ ɑ r ɑ d ə,ʒ/r/d/,3,6,1
686,жарады.,ʒ ɑ r ɑ d ə,ʒ/r/d/,3,6,1
687,"жаралайды,",ʒ ɑ r ɑ l ɑ j d ə,ʒ/r/l/jd/,4,9,1.25
688,жаралайды.,ʒ ɑ r ɑ l ɑ j d ə,ʒ/r/l/jd/,4,9,1.25
689,жаралы,ʒ ɑ r ɑ l ə,ʒ/r/l/,3,6,1
690,"жарасар,",ʒ ɑ r ɑ s ɑ r,ʒ/r/s/r,3,7,1
691,жарасар.,ʒ ɑ r ɑ s ɑ r,ʒ/r/s/r,3,7,1
692,жарағынан,ʒ ɑ r ɑ ʁ ə n ɑ n,ʒ/r/ʁ/n/n,4,9,1
693,жарақ.,ʒ ɑ r ɑ q,ʒ/r/q,2,5,1
694,жарлы,ʒ ɑ r l ə,ʒ/rl/,2,5,1.5
695,жарлылық,ʒ ɑ r l ə l ə q,ʒ/rl/l/q,3,8,1.25
696,"жармаса,",ʒ ɑ r m ɑ s ɑ,ʒ/rm/s/,3,7,1.3333333333333333
697,жарымас.,ʒ ɑ r ə m ɑ s,ʒ/r/m/s,3,7,1
698,"жарық,",ʒ ɑ r ə q,ʒ/r/q,2,5,1
699,жарық.,ʒ ɑ r ə q,ʒ/r/q,2,5,1
700,жарқылдаған,ʒ ɑ r q ə l d ɑ ʁ ɑ n,ʒ/rq/ld/ʁ/n,4,11,1.4
701,жас,ʒ ɑ s,ʒ/s,1,3,1
702,жасауыл,ʒ ɑ s ɑ w ə l,ʒ/s/w/l,3,7,1
703,жасаған,ʒ ɑ s ɑ ʁ ɑ n,ʒ/s/ʁ/n,3,7,1
704,жасаңға,ʒ ɑ s ɑ ŋ ʁ ɑ,ʒ/s/ŋʁ/,3,7,1.3333333333333333
705,жастан,ʒ ɑ s t ɑ n,ʒ/st/n,2,6,1.3333333333333333
706,"жастан,",ʒ ɑ s t ɑ n,ʒ/st/n,2,6,1.3333333333333333
707,жасты,ʒ ɑ s t ə,ʒ/st/,2,5,1.5
708,жастық,ʒ ɑ s t ə q,ʒ/st/q,2,6,1.3333333333333333
709,жастықта,ʒ ɑ s t ə q t ɑ,ʒ/st/qt/,3,8,1.6666666666666667
710,жасы,ʒ ɑ s ə,ʒ/s/,2,4,1
711,жасында,ʒ ɑ s ə n d ɑ,ʒ/s/nd/,3,7,1.3333333333333333
712,жасырып,ʒ ɑ s ə r ə p,ʒ/s/r/p,3,7,1
713,"жасық,",ʒ ɑ s ə q,ʒ/s/q,2,5,1
714,жат,ʒ ɑ t,ʒ/t,1,3,1
715,"жатар,",ʒ ɑ t ɑ r,ʒ/t/r,2,5,1
716,жаттық,ʒ ɑ t t ə q,ʒ/tt/q,2,6,1.3333333333333333
717,жатып,ʒ ɑ t ə p,ʒ/t/p,2,5,1
718,"жатып,",ʒ ɑ t ə p,ʒ/t/p,2,5,1
719,жатыр.,ʒ ɑ t ə r,ʒ/t/r,2,5,1
720,жатық,ʒ ɑ t ə q,ʒ/t/q,2,5,1
721,жатқан,ʒ ɑ t q ɑ n,ʒ/tq/n,2,6,1.3333333333333333
722,жатқанның,ʒ ɑ t q ɑ n n ə ŋ,ʒ/tq/nn/ŋ,3,9,1.5
723,жатқанға,ʒ ɑ t q ɑ n ʁ ɑ,ʒ/tq/nʁ/,3,8,1.6666666666666667
724,жау,ʒ ɑ w,ʒ/w,1,3,1
725,жау.,ʒ ɑ w,ʒ/w,1,3,1
726,жауап,ʒ ɑ w ɑ p,ʒ/w/p,2,5,1
727,жаудан,ʒ ɑ w d ɑ n,ʒ/wd/n,2,6,1.3333333333333333
728,"жаудан,",ʒ ɑ w d ɑ n,ʒ/wd/n,2,6,1.3333333333333333
729,жауды,ʒ ɑ w d ə,ʒ/wd/,2,5,1.5
730,жаумен,ʒ ɑ w m j e n,ʒ/wmj/n,2,7,1.6666666666666667
731,"жауса,",ʒ ɑ w s ɑ,ʒ/ws/,2,5,1.5
732,жауы,ʒ ɑ w ə,ʒ/w/,2,4,1
733,"жауықса,",ʒ ɑ w ə q s ɑ,ʒ/w/qs/,3,7,1.3333333333333333
734,жауға,ʒ ɑ w ʁ ɑ,ʒ/wʁ/,2,5,1.5
735,жаяды.,ʒ ɑ j ɑ d ə,ʒ/j/d/,3,6,1
736,жаяуға,ʒ ɑ j ɑ w ʁ ɑ,ʒ/j/wʁ/,3,7,1.3333333333333333
737,жағасы,ʒ ɑ ʁ ɑ s ə,ʒ/ʁ/s/,3,6,1
738,жағасыз,ʒ ɑ ʁ ɑ s ə z,ʒ/ʁ/s/z,3,7,1
739,жағаңа,ʒ ɑ ʁ ɑ ŋ ɑ,ʒ/ʁ/ŋ/,3,6,1
740,"жағымпаз,",ʒ ɑ ʁ ə m p ɑ z,ʒ/ʁ/mp/z,3,8,1.25
741,жағымпаздық,ʒ ɑ ʁ ə m p ɑ z d ə q,ʒ/ʁ/mp/zd/q,4,11,1.4
742,жағына,ʒ ɑ ʁ ə n ɑ,ʒ/ʁ/n/,3,6,1
743,жағыңды,ʒ ɑ ʁ ə ŋ d ə,ʒ/ʁ/ŋd/,3,7,1.3333333333333333
744,жақ,ʒ ɑ q,ʒ/q,1,3,1
745,жақ.,ʒ ɑ q,ʒ/q,1,3,1
746,жақсы,ʒ ɑ q s ə,ʒ/qs/,2,5,1.5
747,жақсы-жаман,ʒ ɑ q s ə ʒ ɑ m ɑ n,ʒ/qs/ʒ/m/n,4,10,1.2
748,жақсы.,ʒ ɑ q s ə,ʒ/qs/,2,5,1.5
749,жақсыда,ʒ ɑ q s ə d ɑ,ʒ/qs/d/,3,7,1.3333333333333333
750,жақсыдан,ʒ ɑ q s ə d ɑ n,ʒ/qs/d/n,3,8,1.25
751,жақсылардың,ʒ ɑ q s ə l ɑ r d ə ŋ,ʒ/qs/l/rd/ŋ,4,11,1.4
752,жақсылыққа,ʒ ɑ q s ə l ə q q ɑ,ʒ/qs/l/qq/,4,10,1.5
753,жақсымен,ʒ ɑ q s ə m j e n,ʒ/qs/mj/n,3,9,1.5
754,жақсының,ʒ ɑ q s ə n ə ŋ,ʒ/qs/n/ŋ,3,8,1.25
755,жақсыға,ʒ ɑ q s ə ʁ ɑ,ʒ/qs/ʁ/,3,7,1.3333333333333333
756,жақын,ʒ ɑ q ə n,ʒ/q/n,2,5,1
757,жақындағанда,ʒ ɑ q ə n d ɑ ʁ ɑ n d ɑ,ʒ/q/nd/ʁ/nd/,5,12,1.4
758,жақындағы,ʒ ɑ q ə n d ɑ ʁ ə,ʒ/q/nd/ʁ/,4,9,1.25
759,жақынды,ʒ ɑ q ə n d ə,ʒ/q/nd/,3,7,1.3333333333333333
760,жақынынан,ʒ ɑ q ə n ə n ɑ n,ʒ/q/n/n/n,4,9,1
761,жаңа,ʒ ɑ ŋ ɑ,ʒ/ŋ/,2,4,1
762,жаңбыр,ʒ ɑ ŋ b ə r,ʒ/ŋb/r,2,6,1.3333333333333333
763,жаңбырмен,ʒ ɑ ŋ b ə r m j e n,ʒ/ŋb/rmj/n,3,10,1.75
764,"жаңылса,",ʒ ɑ ŋ ə l s ɑ,ʒ/ŋ/ls/,3,7,1.3333333333333333
765,жегізбейді.,ʒ j e ɡ ɪ z b j e j d ɪ,ʒj/ɡ/zbj/jd/,4,12,2
766,жегізер.,ʒ j e ɡ ɪ z j e r,ʒj/ɡ/zj/r,3,9,1.5
767,жездем,ʒ j e z d j e m,ʒj/zdj/m,2,8,2
768,желбуаз.,ʒ j e l b w ɑ z,ʒj/lbw/z,2,8,2
769,желгенде,ʒ j e l ɡ j e n d j e,ʒj/lɡj/ndj/,3,11,2.6666666666666665
770,желді,ʒ j e l d ɪ,ʒj/ld/,2,6,2
771,желкесінен.,ʒ j e l k j e s ɪ n j e n,ʒj/lkj/s/nj/n,4,13,1.8
772,желікпе.,ʒ j e l ɪ k p j e,ʒj/l/kpj/,3,9,2
773,"жемей,",ʒ j e m j e j,ʒj/mj/j,2,7,1.6666666666666667
774,жемес,ʒ j e m j e s,ʒj/mj/s,2,7,1.6666666666666667
775,"жемесе,",ʒ j e m j e s j e,ʒj/mj/sj/,3,9,2
776,жеміссіз,ʒ j e m ɪ s s ɪ z,ʒj/m/ss/z,3,9,1.5
777,жемқор,ʒ j e m q o r,ʒj/mq/r,2,7,1.6666666666666667
778,жеп,ʒ j e p,ʒj/p,1,4,1.5
779,жер,ʒ j e r,ʒj/r,1,4,1.5
780,жерде,ʒ j e r d j e,ʒj/rdj/,2,7,2.5
781,жерден,ʒ j e r d j e n,ʒj/rdj/n,2,8,2
782,жерді,ʒ j e r d ɪ,ʒj/rd/,2,6,2
783,жердің,ʒ j e r d ɪ ŋ,ʒj/rd/ŋ,2,7,1.6666666666666667
784,жерошақ,ʒ j e r o ʃ ɑ q,ʒj/r/ʃ/q,3,8,1.25
785,жері,ʒ j e r ɪ,ʒj/r/,2,5,1.5
786,жерін,ʒ j e r ɪ n,ʒj/r/n,2,6,1.3333333333333333
787,жеріне,ʒ j e r ɪ n j e,ʒj/r/nj/,3,8,1.6666666666666667
788,жерінен,ʒ j e r ɪ n j e n,ʒj/r/nj/n,3,9,1.5
789,жеріңді,ʒ j e r ɪ ŋ d ɪ,ʒj/r/ŋd/,3,8,1.6666666666666667
790,"жесең,",ʒ j e s j e ŋ,ʒj/sj/ŋ,2,7,1.6666666666666667
791,жесір,ʒ j e s ɪ r,ʒj/s/r,2,6,1.3333333333333333
792,"жет,",ʒ j e t,ʒj/t,1,4,1.5
793,жетеді.,ʒ j e t j e d ɪ,ʒj/tj/d/,3,8,1.6666666666666667
794,жетекке,ʒ j e t j e k k j e,ʒj/tj/kkj/,3,10,2.3333333333333335
795,жетер.,ʒ j e t j e r,ʒj/tj/r,2,7,1.6666666666666667
796,жетесіздің,ʒ j e t j e s ɪ z d ɪ ŋ,ʒj/tj/s/zd/ŋ,4,12,1.6
797,жетесінен,ʒ j e t j e s ɪ n j e n,ʒj/tj/s/nj/n,4,12,1.6
798,жеткен,ʒ j e t k j e n,ʒj/tkj/n,2,8,2
799,жетпейді.,ʒ j e t p j e j d ɪ,ʒj/tpj/jd/,3,10,2.3333333333333335
800,"жетпес,",ʒ j e t p j e s,ʒj/tpj/s,2,8,2
801,жетпіс,ʒ j e t p ɪ s,ʒj/tp/s,2,7,1.6666666666666667
802,жеті,ʒ j e t ɪ,ʒj/t/,2,5,1.5
803,жетілер.,ʒ j e t ɪ l j e r,ʒj/t/lj/r,3,9,1.5
804,жетім,ʒ j e t ɪ m,ʒj/t/m,2,6,1.3333333333333333
805,жетімдікті,ʒ j e t ɪ m d ɪ k t ɪ,ʒj/t/md/kt/,4,11,1.75
806,"жеңбейді,",ʒ j e ŋ b j e j d ɪ,ʒj/ŋbj/jd/,3,10,2.3333333333333335
807,жеңген,ʒ j e ŋ ɡ j e n,ʒj/ŋɡj/n,2,8,2
808,"жеңеді,",ʒ j e ŋ j e d ɪ,ʒj/ŋj/d/,3,8,1.6666666666666667
809,жеңеді.,ʒ j e ŋ j e d ɪ,ʒj/ŋj/d/,3,8,1.6666666666666667
810,жеңетін,ʒ j e ŋ j e t ɪ n,ʒj/ŋj/t/n,3,9,1.5
811,жирен.,ʒ i j r j e n,ʒ/jrj/n,2,7,1.6666666666666667
812,жол,ʒ o l,ʒ/l,1,3,1
813,жолбарыс,ʒ o l b ɑ r ə s,ʒ/lb/r/s,3,8,1.25
814,жолда,ʒ o l d ɑ,ʒ/ld/,2,5,1.5
815,жолдас,ʒ o l d ɑ s,ʒ/ld/s,2,6,1.3333333333333333
816,жолдасты,ʒ o l d ɑ s t ə,ʒ/ld/st/,3,8,1.6666666666666667
817,жолдастың,ʒ o l d ɑ s t ə ŋ,ʒ/ld/st/ŋ,3,9,1.5
818,жолдасы,ʒ o l d ɑ s ə,ʒ/ld/s/,3,7,1.3333333333333333
819,жолдасын,ʒ o l d ɑ s ə n,ʒ/ld/s/n,3,8,1.25
820,жолдасына,ʒ o l d ɑ s ə n ɑ,ʒ/ld/s/n/,4,9,1.25
821,жолдасынан,ʒ o l d ɑ s ə n ɑ n,ʒ/ld/s/n/n,4,10,1.2
822,жолдасың,ʒ o l d ɑ s ə ŋ,ʒ/ld/s/ŋ,3,8,1.25
823,жолдасқа,ʒ o l d ɑ s q ɑ,ʒ/ld/sq/,3,8,1.6666666666666667
824,жолсызда,ʒ o l s ə z d ɑ,ʒ/ls/zd/,3,8,1.6666666666666667
825,жолы,ʒ o l ə,ʒ/l/,2,4,1
826,"жолығады,",ʒ o l ə ʁ ɑ d ə,ʒ/l/ʁ/d/,4,8,1
827,жолығады.,ʒ o l ə ʁ ɑ d ə,ʒ/l/ʁ/d/,4,8,1
828,"жолығарсың,",ʒ o l ə ʁ ɑ r s ə ŋ,ʒ/l/ʁ/rs/ŋ,4,10,1.2
829,жолығарсың.,ʒ o l ə ʁ ɑ r s ə ŋ,ʒ/l/ʁ/rs/ŋ,4,10,1.2
830,жолға,ʒ o l ʁ ɑ,ʒ/lʁ/,2,5,1.5
831,"жолға,",ʒ o l ʁ ɑ,ʒ/lʁ/,2,5,1.5
832,жомарт,ʒ o m ɑ r t,ʒ/m/rt,2,6,1.3333333333333333
833,жонымен,ʒ o n ə m j e n,ʒ/n/mj/n,3,8,1.25
834,жонға,ʒ o n ʁ ɑ,ʒ/nʁ/,2,5,1.5
835,жортқан,ʒ o r t q ɑ n,ʒ/rtq/n,2,7,1.6666666666666667
836,жорға,ʒ o r ʁ ɑ,ʒ/rʁ/,2,5,1.5
837,жорға.,ʒ o r ʁ ɑ,ʒ/rʁ/,2,5,1.5
838,жорғаның,ʒ o r ʁ ɑ n ə ŋ,ʒ/rʁ/n/ŋ,3,8,1.25
839,жоғарғыны,ʒ o ʁ ɑ r ʁ ə n ə,ʒ/ʁ/rʁ/n/,4,9,1.25
840,жоқ,ʒ o q,ʒ/q,1,3,1
841,"жоқ,",ʒ o q,ʒ/q,1,3,1
842,жоқ.,ʒ o q,ʒ/q,1,3,1
843,жоқта,ʒ o q t ɑ,ʒ/qt/,2,5,1.5
844,жоқтығын,ʒ o q t ə ʁ ə n,ʒ/qt/ʁ/n,3,8,1.25
845,жоқтық,ʒ o q t ə q,ʒ/qt/q,2,6,1.3333333333333333
846,жоқтың,ʒ o q t ə ŋ,ʒ/qt/ŋ,2,6,1.3333333333333333
847,жуан,ʒ w ɑ n,ʒw/n,1,4,1.5
848,жуастан,ʒ w ɑ s t ɑ n,ʒw/st/n,2,7,1.6666666666666667
849,жусауы,ʒ w s ɑ w ə,ʒws/w/,2,6,2
850,жуымайды.,ʒ w ə m ɑ j d ə,ʒw/m/jd/,3,8,1.6666666666666667
851,жыл,ʒ ə l,ʒ/l,1,3,1
852,жыламасқа,ʒ ə l ɑ m ɑ s q ɑ,ʒ/l/m/sq/,4,9,1.25
853,"жылдық,",ʒ ə l d ə q,ʒ/ld/q,2,6,1.3333333333333333
854,жылуы,ʒ ə l w ə,ʒ/lw/,2,5,1.5
855,жылы,ʒ ə l ə,ʒ/l/,2,4,1
856,жылқы,ʒ ə l q ə,ʒ/lq/,2,5,1.5
857,"жылқы,",ʒ ə l q ə,ʒ/lq/,2,5,1.5
858,жылқы.,ʒ ə l q ə,ʒ/lq/,2,5,1.5
859,жын,ʒ ə n,ʒ/n,1,3,1
860,жыртар.,ʒ ə r t ɑ r,ʒ/rt/r,2,6,1.3333333333333333
861,жыртысы.,ʒ ə r t ə s ə,ʒ/rt/s/,3,7,1.3333333333333333
862,жығады.,ʒ ə ʁ ɑ d ə,ʒ/ʁ/d/,3,6,1
863,жығылады.,ʒ ə ʁ ə l ɑ d ə,ʒ/ʁ/l/d/,4,8,1
864,жығылмас.,ʒ ə ʁ ə l m ɑ s,ʒ/ʁ/lm/s,3,8,1.25
865,"жығылсаң,",ʒ ə ʁ ə l s ɑ ŋ,ʒ/ʁ/ls/ŋ,3,8,1.25
866,жығылғанның,ʒ ə ʁ ə l ʁ ɑ n n ə ŋ,ʒ/ʁ/lʁ/nn/ŋ,4,11,1.4
867,жібекті,ʒ ɪ b j e k t ɪ,ʒ/bj/kt/,3,8,1.6666666666666667
868,жібермейді.,ʒ ɪ b j e r m j e j d ɪ,ʒ/bj/rmj/jd/,4,12,2
869,жігіт,ʒ ɪ ɡ ɪ t,ʒ/ɡ/t,2,5,1
870,жігітке,ʒ ɪ ɡ ɪ t k j e,ʒ/ɡ/tkj/,3,8,1.6666666666666667
871,жігітті,ʒ ɪ ɡ ɪ t t ɪ,ʒ/ɡ/tt/,3,7,1.3333333333333333
872,жігіттің,ʒ ɪ ɡ ɪ t t ɪ ŋ,ʒ/ɡ/tt/ŋ,3,8,1.25
873,жілігі,ʒ ɪ l ɪ ɡ ɪ,ʒ/l/ɡ/,3,6,1
874,жіп,ʒ ɪ p,ʒ/p,1,3,1
875,жүгір.,ʒ ʏ ɡ ɪ r,ʒ/ɡ/r,2,5,1
876,"жүгірер,",ʒ ʏ ɡ ɪ r j e r,ʒ/ɡ/rj/r,3,8,1.25
877,"жүгірме,",ʒ ʏ ɡ ɪ r m j e,ʒ/ɡ/rmj/,3,8,1.6666666666666667
878,жүз,ʒ ʏ z,ʒ/z,1,3,1
879,жүзден,ʒ ʏ z d j e n,ʒ/zdj/n,2,7,1.6666666666666667
880,жүйрігін,ʒ ʏ j r ɪ ɡ ɪ n,ʒ/jr/ɡ/n,3,8,1.25
881,жүйрік,ʒ ʏ j r ɪ k,ʒ/jr/k,2,6,1.3333333333333333
882,"жүйрік,",ʒ ʏ j r ɪ k,ʒ/jr/k,2,6,1.3333333333333333
883,жүйрікпін,ʒ ʏ j r ɪ k p ɪ n,ʒ/jr/kp/n,3,9,1.5
884,жүк,ʒ ʏ k,ʒ/k,1,3,1
885,жүктей,ʒ ʏ k t j e j,ʒ/ktj/j,2,7,1.6666666666666667
886,жүн,ʒ ʏ n,ʒ/n,1,3,1
887,жүні,ʒ ʏ n ɪ,ʒ/n/,2,4,1
888,жүр.,ʒ ʏ r,ʒ/r,1,3,1
889,жүрген,ʒ ʏ r ɡ j e n,ʒ/rɡj/n,2,7,1.6666666666666667
890,жүргенге,ʒ ʏ r ɡ j e n ɡ j e,ʒ/rɡj/nɡj/,3,10,2.3333333333333335
891,жүргені,ʒ ʏ r ɡ j e n ɪ,ʒ/rɡj/n/,3,8,1.6666666666666667
892,жүргізбейді.,ʒ ʏ r ɡ ɪ z b j e j d ɪ,ʒ/rɡ/zbj/jd/,4,12,2
893,жүре,ʒ ʏ r j e,ʒ/rj/,2,5,1.5
894,жүреді.,ʒ ʏ r j e d ɪ,ʒ/rj/d/,3,7,1.3333333333333333
895,жүрмей,ʒ ʏ r m j e j,ʒ/rmj/j,2,7,1.6666666666666667
896,"жүрсең,",ʒ ʏ r s j e ŋ,ʒ/rsj/ŋ,2,7,1.6666666666666667
897,"жүріп,",ʒ ʏ r ɪ p,ʒ/r/p,2,5,1
898,жұдырықта,ʒ ʊ d ə r ə q t ɑ,ʒ/d/r/qt/,4,9,1.25
899,жұмада,ʒ ʊ m ɑ d ɑ,ʒ/m/d/,3,6,1
900,жұмыс,ʒ ʊ m ə s,ʒ/m/s,2,5,1
901,жұмыстан,ʒ ʊ m ə s t ɑ n,ʒ/m/st/n,3,8,1.25
902,жұмысы,ʒ ʊ m ə s ə,ʒ/m/s/,3,6,1
903,жұрт,ʒ ʊ r t,ʒ/rt,1,4,1.5
904,жұртсыз,ʒ ʊ r t s ə z,ʒ/rts/z,2,7,1.6666666666666667
905,жұту.,ʒ ʊ t w,ʒ/tw,1,4,1.5
906,жұғады.,ʒ ʊ ʁ ɑ d ə,ʒ/ʁ/d/,3,6,1
907,жұғар.,ʒ ʊ ʁ ɑ r,ʒ/ʁ/r,2,5,1
908,жұғысады.,ʒ ʊ ʁ ə s ɑ d ə,ʒ/ʁ/s/d/,4,8,1
909,жөргем,ʒ ʏ r ɡ j e m,ʒ/rɡj/m,2,7,1.6666666666666667
910,замандасың,z ɑ m ɑ n d ɑ s ə ŋ,z/m/nd/s/ŋ,4,10,1.2
911,заң,z ɑ ŋ,z/ŋ,1,3,1
912,зекетсіздің,z j e k j e t s ɪ z d ɪ ŋ,zj/kj/ts/zd/ŋ,4,13,1.8
913,зинақор,z i j n ɑ q o r,z/jn/q/r,3,8,1.25
914,"зор,",z o r,z/r,1,3,1
915,зорлық,z o r l ə q,z/rl/q,2,6,1.3333333333333333
916,иесі,i j j e s ɪ,/jj/s/,3,6,1.5
917,иесі.,i j j e s ɪ,/jj/s/,3,6,1.5
918,иесіне,i j j e s ɪ n j e,/jj/s/nj/,4,9,1.6666666666666667
919,икемді,i j k j e m d ɪ,/jkj/md/,3,8,2.5
920,ине,i j n j e,/jnj/,2,5,3
921,ит,i j t,/jt,1,3,2
922,"ит,",i j t,/jt,1,3,2
923,ит.,i j t,/jt,1,3,2
924,итке,i j t k j e,/jtkj/,2,6,4
925,иттен,i j t t j e n,/jttj/n,2,7,2.5
926,иттің,i j t t ɪ ŋ,/jtt/ŋ,2,6,2
927,иттүйнектен,i j t t ʏ j n j e k t j e n,/jtt/jnj/ktj/n,4,14,2.5
928,"иірсе,",i j ɪ r s j e,/j/rsj/,3,7,2
929,"иіскемей,",i j ɪ s k j e m j e j,/j/skj/mj/j,4,11,1.75
930,кедей,k j e d j e j,kj/dj/j,2,7,1.6666666666666667
931,кедейге,k j e d j e j ɡ j e,kj/dj/jɡj/,3,10,2.3333333333333335
932,кедейдің,k j e d j e j d ɪ ŋ,kj/dj/jd/ŋ,3,10,1.75
933,кедеймін,k j e d j e j m ɪ n,kj/dj/jm/n,3,10,1.75
934,"кездеседі,",k j e z d j e s j e d ɪ,kj/zdj/sj/d/,4,12,2
935,кездеседі.,k j e z d j e s j e d ɪ,kj/zdj/sj/d/,4,12,2
936,кездеспес.,k j e z d j e s p j e s,kj/zdj/spj/s,3,12,2.25
937,"кездессе,",k j e z d j e s s j e,kj/zdj/ssj/,3,11,2.6666666666666665
938,кездікті,k j e z d ɪ k t ɪ,kj/zd/kt/,3,9,2
939,кездіктің,k j e z d ɪ k t ɪ ŋ,kj/zd/kt/ŋ,3,10,1.75
940,кезегі,k j e z j e ɡ ɪ,kj/zj/ɡ/,3,8,1.6666666666666667
941,"кейін,",k j e j ɪ n,kj/j/n,2,6,1.3333333333333333
942,кейін.,k j e j ɪ n,kj/j/n,2,6,1.3333333333333333
943,келген,k j e l ɡ j e n,kj/lɡj/n,2,8,2
944,келгенде,k j e l ɡ j e n d j e,kj/lɡj/ndj/,3,11,2.6666666666666665
945,"келгенде,",k j e l ɡ j e n d j e,kj/lɡj/ndj/,3,11,2.6666666666666665
946,келгенің,k j e l ɡ j e n ɪ ŋ,kj/lɡj/n/ŋ,3,10,1.75
947,келе,k j e l j e,kj/lj/,2,6,2
948,келеді,k j e l j e d ɪ,kj/lj/d/,3,8,1.6666666666666667
949,"келер,",k j e l j e r,kj/lj/r,2,7,1.6666666666666667
950,келер.,k j e l j e r,kj/lj/r,2,7,1.6666666666666667
951,келерінде,k j e l j e r ɪ n d j e,kj/lj/r/ndj/,4,12,2
952,келмеген,k j e l m j e ɡ j e n,kj/lmj/ɡj/n,3,11,2
953,келмей,k j e l m j e j,kj/lmj/j,2,8,2
954,"келсе,",k j e l s j e,kj/lsj/,2,7,2.5
955,келтесінен,k j e l t j e s ɪ n j e n,kj/ltj/s/nj/n,4,13,1.8
956,келтірер.,k j e l t ɪ r j e r,kj/lt/rj/r,3,10,1.75
957,келін,k j e l ɪ n,kj/l/n,2,6,1.3333333333333333
958,"келін-келін,",k j e l ɪ n k j e l ɪ n,kj/l/nkj/l/n,4,12,1.6
959,келіннің,k j e l ɪ n n ɪ ŋ,kj/l/nn/ŋ,3,9,1.5
960,келінің,k j e l ɪ n ɪ ŋ,kj/l/n/ŋ,3,8,1.25
961,кем,k j e m,kj/m,1,4,1.5
962,кемпір,k j e m p ɪ r,kj/mp/r,2,7,1.6666666666666667
963,кемтар,k j e m t ɑ r,kj/mt/r,2,7,1.6666666666666667
964,"кеміреді,",k j e m ɪ r j e d ɪ,kj/m/rj/d/,4,10,1.5
965,кеміреді.,k j e m ɪ r j e d ɪ,kj/m/rj/d/,4,10,1.5
966,кен.,k j e n,kj/n,1,4,1.5
967,"кеніш,",k j e n ɪ ʃ,kj/n/ʃ,2,6,1.3333333333333333
968,кербез,k j e r b j e z,kj/rbj/z,2,8,2
969,кербезінен,k j e r b j e z ɪ n j e n,kj/rbj/z/nj/n,4,13,1.8
970,кергенін,k j e r ɡ j e n ɪ n,kj/rɡj/n/n,3,10,1.75
971,кердеңінен,k j e r d j e ŋ ɪ n j e n,kj/rdj/ŋ/nj/n,4,13,1.8
972,"керек,",k j e r j e k,kj/rj/k,2,7,1.6666666666666667
973,керек.,k j e r j e k,kj/rj/k,2,7,1.6666666666666667
974,керсеңді,k j e r s j e ŋ d ɪ,kj/rsj/ŋd/,3,10,2.3333333333333335
975,керіс,k j e r ɪ s,kj/r/s,2,6,1.3333333333333333
976,керісшіл.,k j e r ɪ s ʃ ɪ l,kj/r/sʃ/l,3,9,1.5
977,кес.,k j e s,kj/s,1,4,1.5
978,кет.,k j e t,kj/t,1,4,1.5
979,"кетеді,",k j e t j e d ɪ,kj/tj/d/,3,8,1.6666666666666667
980,кетеді.,k j e t j e d ɪ,kj/tj/d/,3,8,1.6666666666666667
981,кетер.,k j e t j e r,kj/tj/r,2,7,1.6666666666666667
982,кетерінде,k j e t j e r ɪ n d j e,kj/tj/r/ndj/,4,12,2
983,кетесің.,k j e t j e s ɪ ŋ,kj/tj/s/ŋ,3,9,1.5
984,кетпеген,k j e t p j e ɡ j e n,kj/tpj/ɡj/n,3,11,2
985,кетпейді,k j e t p j e j d ɪ,kj/tpj/jd/,3,10,2.3333333333333335
986,"кетпейді,",k j e t p j e j d ɪ,kj/tpj/jd/,3,10,2.3333333333333335
987,кетпес.,k j e t p j e s,kj/tpj/s,2,8,2
988,кетсе,k j e t s j e,kj/tsj/,2,7,2.5
989,"кетсе,",k j e t s j e,kj/tsj/,2,7,2.5
990,"кетілер,",k j e t ɪ l j e r,kj/t/lj/r,3,9,1.5
991,"кешер,",k j e ʃ j e r,kj/ʃj/r,2,7,1.6666666666666667
992,кешер.,k j e ʃ j e r,kj/ʃj/r,2,7,1.6666666666666667
993,кешкі,k j e ʃ k ɪ,kj/ʃk/,2,6,2
994,"кешірмесең,",k j e ʃ ɪ r m j e s j e ŋ,kj/ʃ/rmj/sj/ŋ,4,13,1.8
995,кешіруге,k j e ʃ ɪ r w ɡ j e,kj/ʃ/rwɡj/,3,10,2.3333333333333335
996,кең,k j e ŋ,kj/ŋ,1,4,1.5
997,кеңдігінен,k j e ŋ d ɪ ɡ ɪ n j e n,kj/ŋd/ɡ/nj/n,4,12,1.6
998,кеңесті,k j e ŋ j e s t ɪ,kj/ŋj/st/,3,9,2
999,кеңіне,k j e ŋ ɪ n j e,kj/ŋ/nj/,3,8,1.6666666666666667
1000,киіз,k i j ɪ z,k/j/z,2,5,1
1001,киім,k i j ɪ m,k/j/m,2,5,1
1002,киімнің,k i j ɪ m n ɪ ŋ,k/j/mn/ŋ,3,8,1.25
1003,киімін,k i j ɪ m ɪ n,k/j/m/n,3,7,1
1004,"киіп,",k i j ɪ p,k/j/p,2,5,1
1005,кібіртіктеп,k ɪ b ɪ r t ɪ k t j e p,k/b/rt/ktj/p,4,12,1.6
1006,кілті,k ɪ l t ɪ,k/lt/,2,5,1.5
1007,кім,k ɪ m,k/m,1,3,1
1008,кімге,k ɪ m ɡ j e,k/mɡj/,2,6,2
1009,кімнің,k ɪ m n ɪ ŋ,k/mn/ŋ,2,6,1.3333333333333333
1010,кісі,k ɪ s ɪ,k/s/,2,4,1
1011,кісіге,k ɪ s ɪ ɡ j e,k/s/ɡj/,3,7,1.3333333333333333
1012,кісіден,k ɪ s ɪ d j e n,k/s/dj/n,3,8,1.25
1013,кісіменен,k ɪ s ɪ m j e n j e n,k/s/mj/nj/n,4,11,1.4
1014,кісіні,k ɪ s ɪ n ɪ,k/s/n/,3,6,1
1015,кісінің,k ɪ s ɪ n ɪ ŋ,k/s/n/ŋ,3,7,1
1016,кісің,k ɪ s ɪ ŋ,k/s/ŋ,2,5,1
1017,кішкентай,k ɪ ʃ k j e n t ɑ j,k/ʃkj/nt/j,3,10,1.75
1018,кішілікті,k ɪ ʃ ɪ l ɪ k t ɪ,k/ʃ/l/kt/,4,9,1.25
1019,кішісі,k ɪ ʃ ɪ s ɪ,k/ʃ/s/,3,6,1
1020,күзі,k ʏ z ɪ,k/z/,2,4,1
1021,күйген,k ʏ j ɡ j e n,k/jɡj/n,2,7,1.6666666666666667
1022,күйеуін,k ʏ j j e w ɪ n,k/jj/w/n,3,8,1.25
1023,күйеуің,k ʏ j j e w ɪ ŋ,k/jj/w/ŋ,3,8,1.25
1024,"күймес,",k ʏ j m j e s,k/jmj/s,2,7,1.6666666666666667
1025,күйінсін.,k ʏ j ɪ n s ɪ n,k/j/ns/n,3,8,1.25
1026,күйің,k ʏ j ɪ ŋ,k/j/ŋ,2,5,1
1027,күледі.,k ʏ l j e d ɪ,k/lj/d/,3,7,1.3333333333333333
1028,күлкі,k ʏ l k ɪ,k/lk/,2,5,1.5
1029,күлімдеп,k ʏ l ɪ m d j e p,k/l/mdj/p,3,9,1.5
1030,күн,k ʏ n,k/n,1,3,1
1031,күнде,k ʏ n d j e,k/ndj/,2,6,2
1032,күндіз,k ʏ n d ɪ z,k/nd/z,2,6,1.3333333333333333
1033,"күншіл,",k ʏ n ʃ ɪ l,k/nʃ/l,2,6,1.3333333333333333
1034,күншілдің,k ʏ n ʃ ɪ l d ɪ ŋ,k/nʃ/ld/ŋ,3,9,1.5
1035,күні,k ʏ n ɪ,k/n/,2,4,1
1036,"күпшектер,",k ʏ p ʃ j e k t j e r,k/pʃj/ktj/r,3,11,2
1037,күрекке,k ʏ r j e k k j e,k/rj/kkj/,3,9,2
1038,күресерге,k ʏ r j e s j e r ɡ j e,k/rj/sj/rɡj/,4,12,2
1039,күте,k ʏ t j e,k/tj/,2,5,1.5
1040,күшенген,k ʏ ʃ j e n ɡ j e n,k/ʃj/nɡj/n,3,10,1.75
1041,күшті,k ʏ ʃ t ɪ,k/ʃt/,2,5,1.5
1042,"күшті,",k ʏ ʃ t ɪ,k/ʃt/,2,5,1.5
1043,күшті.,k ʏ ʃ t ɪ,k/ʃt/,2,5,1.5
1044,күші,k ʏ ʃ ɪ,k/ʃ/,2,4,1
1045,күшігі,k ʏ ʃ ɪ ɡ ɪ,k/ʃ/ɡ/,3,6,1
1046,күң,k ʏ ŋ,k/ŋ,1,3,1
1047,кәпір»,k æ p ɪ r,k/p/r,2,5,1
1048,"кәрі,",k æ r ɪ,k/r/,2,4,1
1049,кәрідей,k æ r ɪ d j e j,k/r/dj/j,3,8,1.25
1050,кәрілік,k æ r ɪ l ɪ k,k/r/l/k,3,7,1
1051,кәріні,k æ r ɪ n ɪ,k/r/n/,3,6,1
1052,көбелек,k ʏ b j e l j e k,k/bj/lj/k,3,9,1.5
1053,көбіне,k ʏ b ɪ n j e,k/b/nj/,3,7,1.3333333333333333
1054,"көгереді,",k ʏ ɡ j e r j e d ɪ,k/ɡj/rj/d/,4,10,1.5
1055,көгереді.,k ʏ ɡ j e r j e d ɪ,k/ɡj/rj/d/,4,10,1.5
1056,"көже,",k ʏ ʒ j e,k/ʒj/,2,5,1.5
1057,көз,k ʏ z,k/z,1,3,1
1058,көзі,k ʏ z ɪ,k/z/,2,4,1
1059,көзім.,k ʏ z ɪ m,k/z/m,2,5,1
1060,көзіне,k ʏ z ɪ n j e,k/z/nj/,3,7,1.3333333333333333
1061,көзінен,k ʏ z ɪ n j e n,k/z/nj/n,3,8,1.25
1062,көзінше,k ʏ z ɪ n ʃ j e,k/z/nʃj/,3,8,1.6666666666666667
1063,көзіңді,k ʏ z ɪ ŋ d ɪ,k/z/ŋd/,3,7,1.3333333333333333
1064,көзіңе,k ʏ z ɪ ŋ j e,k/z/ŋj/,3,7,1.3333333333333333
1065,көкейіңді,k ʏ k j e j ɪ ŋ d ɪ,k/kj/j/ŋd/,4,10,1.5
1066,көктем,k ʏ k t j e m,k/ktj/m,2,7,1.6666666666666667
1067,көктен,k ʏ k t j e n,k/ktj/n,2,7,1.6666666666666667
1068,көл,k ʏ l,k/l,1,3,1
1069,"көл,",k ʏ l,k/l,1,3,1
1070,көлдің,k ʏ l d ɪ ŋ,k/ld/ŋ,2,6,1.3333333333333333
1071,көмір.,k ʏ m ɪ r,k/m/r,2,5,1
1072,көміршіге,k ʏ m ɪ r ʃ ɪ ɡ j e,k/m/rʃ/ɡj/,4,10,1.5
1073,көнеден.,k ʏ n j e d j e n,k/nj/dj/n,3,9,1.5
1074,көп,k ʏ p,k/p,1,3,1
1075,"көп,",k ʏ p,k/p,1,3,1
1076,көп.,k ʏ p,k/p,1,3,1
1077,көпке,k ʏ p k j e,k/pkj/,2,6,2
1078,көптен,k ʏ p t j e n,k/ptj/n,2,7,1.6666666666666667
1079,көпті,k ʏ p t ɪ,k/pt/,2,5,1.5
1080,көптің,k ʏ p t ɪ ŋ,k/pt/ŋ,2,6,1.3333333333333333
1081,көр,k ʏ r,k/r,1,3,1
1082,көр!,k ʏ r,k/r,1,3,1
1083,"көр,",k ʏ r,k/r,1,3,1
1084,көрген,k ʏ r ɡ j e n,k/rɡj/n,2,7,1.6666666666666667
1085,көргенді,k ʏ r ɡ j e n d ɪ,k/rɡj/nd/,3,9,2
1086,көргенмін.,k ʏ r ɡ j e n m ɪ n,k/rɡj/nm/n,3,10,1.75
1087,көре-көре,k ʏ r j e k ʏ r j e,k/rj/k/rj/,4,10,1.5
1088,көреді,k ʏ r j e d ɪ,k/rj/d/,3,7,1.3333333333333333
1089,"көреді,",k ʏ r j e d ɪ,k/rj/d/,3,7,1.3333333333333333
1090,көреді.,k ʏ r j e d ɪ,k/rj/d/,3,7,1.3333333333333333
1091,"көркем,",k ʏ r k j e m,k/rkj/m,2,7,1.6666666666666667
1092,"көркі,",k ʏ r k ɪ,k/rk/,2,5,1.5
1093,көркі.,k ʏ r k ɪ,k/rk/,2,5,1.5
1094,көрмеген,k ʏ r m j e ɡ j e n,k/rmj/ɡj/n,3,10,1.75
1095,көрмеу,k ʏ r m j e w,k/rmj/w,2,7,1.6666666666666667
1096,"көрсе,",k ʏ r s j e,k/rsj/,2,6,2
1097,көрсетпес,k ʏ r s j e t p j e s,k/rsj/tpj/s,3,11,2
1098,көрші,k ʏ r ʃ ɪ,k/rʃ/,2,5,1.5
1099,көріне,k ʏ r ɪ n j e,k/r/nj/,3,7,1.3333333333333333
1100,"көрінеді,",k ʏ r ɪ n j e d ɪ,k/r/nj/d/,4,9,1.25
1101,көрінеді.,k ʏ r ɪ n j e d ɪ,k/r/nj/d/,4,9,1.25
1102,"көрінсе,",k ʏ r ɪ n s j e,k/r/nsj/,3,8,1.6666666666666667
1103,көріп,k ʏ r ɪ p,k/r/p,2,5,1
1104,көсеу,k ʏ s j e w,k/sj/w,2,6,1.3333333333333333
1105,көсеумен,k ʏ s j e w m j e n,k/sj/wmj/n,3,10,1.75
1106,"көтереді,",k ʏ t j e r j e d ɪ,k/tj/rj/d/,4,10,1.5
1107,көтереді.,k ʏ t j e r j e d ɪ,k/tj/rj/d/,4,10,1.5
1108,"көтерер,",k ʏ t j e r j e r,k/tj/rj/r,3,9,1.5
1109,көтерер.,k ʏ t j e r j e r,k/tj/rj/r,3,9,1.5
1110,көті,k ʏ t ɪ,k/t/,2,4,1
1111,көш,k ʏ ʃ,k/ʃ,1,3,1
1112,көшерде,k ʏ ʃ j e r d j e,k/ʃj/rdj/,3,9,2
1113,"көшсе,",k ʏ ʃ s j e,k/ʃsj/,2,6,2
1114,көңіл,k ʏ ŋ ɪ l,k/ŋ/l,2,5,1
1115,көңілді,k ʏ ŋ ɪ l d ɪ,k/ŋ/ld/,3,7,1.3333333333333333
1116,көңілдің,k ʏ ŋ ɪ l d ɪ ŋ,k/ŋ/ld/ŋ,3,8,1.25
1117,көңілі,k ʏ ŋ ɪ l ɪ,k/ŋ/l/,3,6,1
1118,көңілін,k ʏ ŋ ɪ l ɪ n,k/ŋ/l/n,3,7,1
1119,көңілің,k ʏ ŋ ɪ l ɪ ŋ,k/ŋ/l/ŋ,3,7,1
1120,ма?,m ɑ,m/,1,2,1
1121,мазақтағаның.,m ɑ z ɑ q t ɑ ʁ ɑ n ə ŋ,m/z/qt/ʁ/n/ŋ,5,12,1.1666666666666667
1122,май,m ɑ j,m/j,1,3,1
1123,мал,m ɑ l,m/l,1,3,1
1124,малды,m ɑ l d ə,m/ld/,2,5,1.5
1125,малсызға,m ɑ l s ə z ʁ ɑ,m/ls/zʁ/,3,8,1.6666666666666667
1126,малы,m ɑ l ə,m/l/,2,4,1
1127,малын,m ɑ l ə n,m/l/n,2,5,1
1128,малыңды,m ɑ l ə ŋ d ə,m/l/ŋd/,3,7,1.3333333333333333
1129,малға,m ɑ l ʁ ɑ,m/lʁ/,2,5,1.5
1130,мастық,m ɑ s t ə q,m/st/q,2,6,1.3333333333333333
1131,мая,m ɑ j ɑ,m/j/,2,4,1
1132,"мақтама,",m ɑ q t ɑ m ɑ,m/qt/m/,3,7,1.3333333333333333
1133,"мақтан,",m ɑ q t ɑ n,m/qt/n,2,6,1.3333333333333333
1134,"мақтанба,",m ɑ q t ɑ n b ɑ,m/qt/nb/,3,8,1.6666666666666667
1135,"мақтанса,",m ɑ q t ɑ n s ɑ,m/qt/ns/,3,8,1.6666666666666667
1136,мақтағанмен,m ɑ q t ɑ ʁ ɑ n m j e n,m/qt/ʁ/nmj/n,4,12,1.6
1137,мақұлына,m ɑ q ʊ l ə n ɑ,m/q/l/n/,4,8,1
1138,ме!,m j e,mj/,1,3,2
1139,"ме,",m j e,mj/,1,3,2
1140,ме.,m j e,mj/,1,3,2
1141,мейірі.,m j e j ɪ r ɪ,mj/j/r/,3,7,1.3333333333333333
1142,мейірінен,m j e j ɪ r ɪ n j e n,mj/j/r/nj/n,4,11,1.4
1143,мен,m j e n,mj/n,1,4,1.5
1144,менен,m j e n j e n,mj/nj/n,2,7,1.6666666666666667
1145,менмен,m j e n m j e n,mj/nmj/n,2,8,2
1146,менің,m j e n ɪ ŋ,mj/n/ŋ,2,6,1.3333333333333333
1147,мисыз,m i j s ə z,m/js/z,2,6,1.3333333333333333
1148,мол,m o l,m/l,1,3,1
1149,молықпас.,m o l ə q p ɑ s,m/l/qp/s,3,8,1.25
1150,мырза,m ə r z ɑ,m/rz/,2,5,1.5
1151,мырза.,m ə r z ɑ,m/rz/,2,5,1.5
1152,"мырзалық,",m ə r z ɑ l ə q,m/rz/l/q,3,8,1.25
1153,мықан,m ə q ɑ n,m/q/n,2,5,1
1154,мықты,m ə q t ə,m/qt/,2,5,1.5
1155,мықтылық,m ə q t ə l ə q,m/qt/l/q,3,8,1.25
1156,мың,m ə ŋ,m/ŋ,1,3,1
1157,мыңнан,m ə ŋ n ɑ n,m/ŋn/n,2,6,1.3333333333333333
1158,мыңын,m ə ŋ ə n,m/ŋ/n,2,5,1
1159,мінген,m ɪ n ɡ j e n,m/nɡj/n,2,7,1.6666666666666667
1160,мінезді,m ɪ n j e z d ɪ,m/nj/zd/,3,8,1.6666666666666667
1161,мінезің,m ɪ n j e z ɪ ŋ,m/nj/z/ŋ,3,8,1.25
1162,мінуші,m ɪ n w ʃ ɪ,m/nwʃ/,2,6,2
1163,мүйізінен,m ʏ j ɪ z ɪ n j e n,m/j/z/nj/n,4,10,1.2
1164,мұрат,m ʊ r ɑ t,m/r/t,2,5,1
1165,мұрын,m ʊ r ə n,m/r/n,2,5,1
1166,мұқтажы,m ʊ q t ɑ ʒ ə,m/qt/ʒ/,3,7,1.3333333333333333
1167,мәлім,m æ l ɪ m,m/l/m,2,5,1
1168,мәлім.,m æ l ɪ m,m/l/m,2,5,1
1169,мәнісін,m æ n ɪ s ɪ n,m/n/s/n,3,7,1
1170,мәуесі,m æ w j e s ɪ,m/wj/s/,3,7,1.3333333333333333
1171,надан,n ɑ d ɑ n,n/d/n,2,5,1
1172,назары,n ɑ z ɑ r ə,n/z/r/,3,6,1
1173,назымен.,n ɑ z ə m j e n,n/z/mj/n,3,8,1.25
1174,найза,n ɑ j z ɑ,n/jz/,2,5,1.5
1175,"нан,",n ɑ n,n/n,1,3,1
1176,нан.,n ɑ n,n/n,1,3,1
1177,"нанба,",n ɑ n b ɑ,n/nb/,2,5,1.5
1178,нар,n ɑ r,n/r,1,3,1
1179,нардай,n ɑ r d ɑ j,n/rd/j,2,6,1.3333333333333333
1180,нарды,n ɑ r d ə,n/rd/,2,5,1.5
1181,нағыз,n ɑ ʁ ə z,n/ʁ/z,2,5,1
1182,нақыл,n ɑ q ə l,n/q/l,2,5,1
1183,не,n j e,nj/,1,3,2
1184,немене.,n j e m j e n j e,nj/mj/nj/,3,9,2
1185,несі,n j e s ɪ,nj/s/,2,5,1.5
1186,ноқта,n o q t ɑ,n/qt/,2,5,1.5
1187,нәрседен,n æ r s j e d j e n,n/rsj/dj/n,3,10,1.75
1188,нәсібі,n æ s ɪ b ɪ,n/s/b/,3,6,1
1189,озады.,o z ɑ d ə,/z/d/,3,5,1
1190,"озарсың,",o z ɑ r s ə ŋ,/z/rs/ŋ,3,7,1.3333333333333333
1191,"оздырады,",o z d ə r ɑ d ə,/zd/r/d/,4,8,1.3333333333333333
1192,озған,o z ʁ ɑ n,/zʁ/n,2,5,1.5
1193,ой,o j,/j,1,2,1
1194,ойдан,o j d ɑ n,/jd/n,2,5,1.5
1195,"ойнар,",o j n ɑ r,/jn/r,2,5,1.5
1196,ойнар.,o j n ɑ r,/jn/r,2,5,1.5
1197,"ойнаса,",o j n ɑ s ɑ,/jn/s/,3,6,1.5
1198,ойнатар.,o j n ɑ t ɑ r,/jn/t/r,3,7,1.3333333333333333
1199,ол,o l,/l,1,2,1
1200,олжасы,o l ʒ ɑ s ə,/lʒ/s/,3,6,1.5
1201,он,o n,/n,1,2,1
1202,"опа,",o p ɑ,/p/,2,3,1
1203,орап,o r ɑ p,/r/p,2,4,1
1204,орнын,o r n ə n,/rn/n,2,5,1.5
1205,орыны,o r ə n ə,/r/n/,3,5,1
1206,орыс,o r ə s,/r/s,2,4,1
1207,от,o t,/t,1,2,1
1208,отау,o t ɑ w,/t/w,2,4,1
1209,отын,o t ə n,/t/n,2,4,1
1210,"отырса,",o t ə r s ɑ,/t/rs/,3,6,1.5
1211,отырған,o t ə r ʁ ɑ n,/t/rʁ/n,3,7,1.3333333333333333
1212,отқа,o t q ɑ,/tq/,2,4,2
1213,оятпайды.,o j ɑ t p ɑ j d ə,/j/tp/jd/,4,9,1.6666666666666667
1214,"оқысаң,",o q ə s ɑ ŋ,/q/s/ŋ,3,6,1
1215,оң,o ŋ,/ŋ,1,2,1
1216,"оңай,",o ŋ ɑ j,/ŋ/j,2,4,1
1217,оңалады.,o ŋ ɑ l ɑ d ə,/ŋ/l/d/,4,7,1
1218,оңбайды.,o ŋ b ɑ j d ə,/ŋb/jd/,3,7,2
1219,"оңбас,",o ŋ b ɑ s,/ŋb/s,2,5,1.5
1220,оңбас.,o ŋ b ɑ s,/ŋb/s,2,5,1.5
1221,"оңбаса,",o ŋ b ɑ s ɑ,/ŋb/s/,3,6,1.5
1222,оңбаған,o ŋ b ɑ ʁ ɑ n,/ŋb/ʁ/n,3,7,1.3333333333333333
1223,пайда.,p ɑ j d ɑ,p/jd/,2,5,1.5
1224,пайдаланады.,p ɑ j d ɑ l ɑ n ɑ d ə,p/jd/l/n/d/,5,11,1.2
1225,пайғамбар,p ɑ j ʁ ɑ m b ɑ r,p/jʁ/mb/r,3,9,1.5
1226,пана,p ɑ n ɑ,p/n/,2,4,1
1227,патшаң,p ɑ t ʃ ɑ ŋ,p/tʃ/ŋ,2,6,1.3333333333333333
1228,пе.,p j e,pj/,1,3,2
1229,пен,p j e n,pj/n,1,4,1.5
1230,пенен,p j e n j e n,pj/nj/n,2,7,1.6666666666666667
1231,перідей,p j e r ɪ d j e j,pj/r/dj/j,3,9,1.5
1232,"пысқырса,",p ə s q ə r s ɑ,p/sq/rs/,3,8,1.6666666666666667
1233,пышағы,p ə ʃ ɑ ʁ ə,p/ʃ/ʁ/,3,6,1
1234,пышақ,p ə ʃ ɑ q,p/ʃ/q,2,5,1
1235,пікір,p ɪ k ɪ r,p/k/r,2,5,1
1236,пәлеге,p æ l j e ɡ j e,p/lj/ɡj/,3,8,1.6666666666666667
1237,пәледен,p æ l j e d j e n,p/lj/dj/n,3,9,1.5
1238,пәлелі,p æ l j e l ɪ,p/lj/l/,3,7,1.3333333333333333
1239,разы,r ɑ z ə,r/z/,2,4,1
1240,"рақмет,",r ɑ q m j e t,r/qmj/t,2,7,1.6666666666666667
1241,рет,r j e t,rj/t,1,4,1.5
1242,сабақты,s ɑ b ɑ q t ə,s/b/qt/,3,7,1.3333333333333333
1243,сабырсызға,s ɑ b ə r s ə z ʁ ɑ,s/b/rs/zʁ/,4,10,1.5
1244,садаға,s ɑ d ɑ ʁ ɑ,s/d/ʁ/,3,6,1
1245,сазды,s ɑ z d ə,s/zd/,2,5,1.5
1246,"сазымен,",s ɑ z ə m j e n,s/z/mj/n,3,8,1.25
1247,"сай,",s ɑ j,s/j,1,3,1
1248,сай.,s ɑ j,s/j,1,3,1
1249,сайға,s ɑ j ʁ ɑ,s/jʁ/,2,5,1.5
1250,салар.,s ɑ l ɑ r,s/l/r,2,5,1
1251,салмаған,s ɑ l m ɑ ʁ ɑ n,s/lm/ʁ/n,3,8,1.25
1252,салмақты,s ɑ l m ɑ q t ə,s/lm/qt/,3,8,1.6666666666666667
1253,"салсаң,",s ɑ l s ɑ ŋ,s/ls/ŋ,2,6,1.3333333333333333
1254,салт-дәстүрлері,s ɑ l t d æ s t ʏ r l j e r ɪ,s/ltd/st/rlj/r/,5,15,2
1255,санап,s ɑ n ɑ p,s/n/p,2,5,1
1256,"санар,",s ɑ n ɑ r,s/n/r,2,5,1
1257,санар.,s ɑ n ɑ r,s/n/r,2,5,1
1258,санасыз,s ɑ n ɑ s ə z,s/n/s/z,3,7,1
1259,сандығы,s ɑ n d ə ʁ ə,s/nd/ʁ/,3,7,1.3333333333333333
1260,сапасын.,s ɑ p ɑ s ə n,s/p/s/n,3,7,1
1261,саспа.,s ɑ s p ɑ,s/sp/,2,5,1.5
1262,"сасыса,",s ɑ s ə s ɑ,s/s/s/,3,6,1
1263,сауда,s ɑ w d ɑ,s/wd/,2,5,1.5
1264,саудагер,s ɑ w d ɑ ɡ j e r,s/wd/ɡj/r,3,9,1.5
1265,саудагерліктің,s ɑ w d ɑ ɡ j e r l ɪ k t ɪ ŋ,s/wd/ɡj/rl/kt/ŋ,5,15,1.6666666666666667
1266,саудыраған,s ɑ w d ə r ɑ ʁ ɑ n,s/wd/r/ʁ/n,4,10,1.2
1267,сауын,s ɑ w ə n,s/w/n,2,5,1
1268,сауынсыздың,s ɑ w ə n s ə z d ə ŋ,s/w/ns/zd/ŋ,4,11,1.4
1269,"сауыт,",s ɑ w ə t,s/w/t,2,5,1
1270,сауық.,s ɑ w ə q,s/w/q,2,5,1
1271,сағат,s ɑ ʁ ɑ t,s/ʁ/t,2,5,1
1272,сағынарсың.,s ɑ ʁ ə n ɑ r s ə ŋ,s/ʁ/n/rs/ŋ,4,10,1.2
1273,сағыңды,s ɑ ʁ ə ŋ d ə,s/ʁ/ŋd/,3,7,1.3333333333333333
1274,сақал-мұртқа,s ɑ q ɑ l m ʊ r t q ɑ,s/q/lm/rtq/,4,11,1.75
1275,сақта.,s ɑ q t ɑ,s/qt/,2,5,1.5
1276,"сақтан,",s ɑ q t ɑ n,s/qt/n,2,6,1.3333333333333333
1277,сақтан.,s ɑ q t ɑ n,s/qt/n,2,6,1.3333333333333333
1278,"сақтағанша,",s ɑ q t ɑ ʁ ɑ n ʃ ɑ,s/qt/ʁ/nʃ/,4,10,1.5
1279,сақтықты,s ɑ q t ə q t ə,s/qt/qt/,3,8,1.6666666666666667
1280,"себерсің,",s j e b j e r s ɪ ŋ,sj/bj/rs/ŋ,3,10,1.75
1281,себерсің?,s j e b j e r s ɪ ŋ,sj/bj/rs/ŋ,3,10,1.75
1282,сегізбін,s j e ɡ ɪ z b ɪ n,sj/ɡ/zb/n,3,9,1.5
1283,сездіретін,s j e z d ɪ r j e t ɪ n,sj/zd/rj/t/n,4,12,1.6
1284,"сезілсе,",s j e z ɪ l s j e,sj/z/lsj/,3,9,2
1285,семіз,s j e m ɪ z,sj/m/z,2,6,1.3333333333333333
1286,семіздің,s j e m ɪ z d ɪ ŋ,sj/m/zd/ŋ,3,9,1.5
1287,семіреді.,s j e m ɪ r j e d ɪ,sj/m/rj/d/,4,10,1.5
1288,сен,s j e n,sj/n,1,4,1.5
1289,"сенбе,",s j e n b j e,sj/nbj/,2,7,2.5
1290,сенбе.,s j e n b j e,sj/nbj/,2,7,2.5
1291,"сенбейді,",s j e n b j e j d ɪ,sj/nbj/jd/,3,10,2.3333333333333335
1292,сенбілік,s j e n b ɪ l ɪ k,sj/nb/l/k,3,9,1.5
1293,сенеді.,s j e n j e d ɪ,sj/nj/d/,3,8,1.6666666666666667
1294,септігі,s j e p t ɪ ɡ ɪ,sj/pt/ɡ/,3,8,1.6666666666666667
1295,сертке,s j e r t k j e,sj/rtkj/,2,8,3
1296,симас.,s i j m ɑ s,s/jm/s,2,6,1.3333333333333333
1297,сиыр,s i j ə r,s/j/r,2,5,1
1298,"сияқты,",s i j j ɑ q t ə,s/jj/qt/,3,8,1.6666666666666667
1299,"сойылады,",s o j ə l ɑ d ə,s/j/l/d/,4,8,1
1300,сол,s o l,s/l,1,3,1
1301,сол.,s o l,s/l,1,3,1
1302,сом,s o m,s/m,1,3,1
1303,соның,s o n ə ŋ,s/n/ŋ,2,5,1
1304,сор,s o r,s/r,1,3,1
1305,сораңнан,s o r ɑ ŋ n ɑ n,s/r/ŋn/n,3,8,1.25
1306,сорлысын,s o r l ə s ə n,s/rl/s/n,3,8,1.25
1307,сорпадан,s o r p ɑ d ɑ n,s/rp/d/n,3,8,1.25
1308,сорға.,s o r ʁ ɑ,s/rʁ/,2,5,1.5
1309,сосын,s o s ə n,s/s/n,2,5,1
1310,соятын,s o j ɑ t ə n,s/j/t/n,3,7,1
1311,соқ.,s o q,s/q,1,3,1
1312,соқпақ,s o q p ɑ q,s/qp/q,2,6,1.3333333333333333
1313,соқыр,s o q ə r,s/q/r,2,5,1
1314,соқырдан,s o q ə r d ɑ n,s/q/rd/n,3,8,1.25
1315,соққан,s o q q ɑ n,s/qq/n,2,6,1.3333333333333333
1316,соң,s o ŋ,s/ŋ,1,3,1
1317,су,s w,sw,0,2,2
1318,суда,s w d ɑ,swd/,1,4,3
1319,судай,s w d ɑ j,swd/j,1,5,2
1320,судан,s w d ɑ n,swd/n,1,5,2
1321,сусын,s w s ə n,sws/n,1,5,2
1322,суға,s w ʁ ɑ,swʁ/,1,4,3
1323,сыбағамды,s ə b ɑ ʁ ɑ m d ə,s/b/ʁ/md/,4,9,1.25
1324,сыйла.,s ə j l ɑ,s/jl/,2,5,1.5
1325,сыйлапты.,s ə j l ɑ p t ə,s/jl/pt/,3,8,1.6666666666666667
1326,сыйлар,s ə j l ɑ r,s/jl/r,2,6,1.3333333333333333
1327,сыйласу,s ə j l ɑ s w,s/jl/sw,2,7,1.6666666666666667
1328,сыйлаған,s ə j l ɑ ʁ ɑ n,s/jl/ʁ/n,3,8,1.25
1329,"сыймайды,",s ə j m ɑ j d ə,s/jm/jd/,3,8,1.6666666666666667
1330,сынбайды.,s ə n b ɑ j d ə,s/nb/jd/,3,8,1.6666666666666667
1331,"сындырмас,",s ə n d ə r m ɑ s,s/nd/rm/s,3,9,1.5
1332,сырлас,s ə r l ɑ s,s/rl/s,2,6,1.3333333333333333
1333,сырласынан,s ə r l ɑ s ə n ɑ n,s/rl/s/n/n,4,10,1.2
1334,сыртынан,s ə r t ə n ɑ n,s/rt/n/n,3,8,1.25
1335,сыртында.,s ə r t ə n d ɑ,s/rt/nd/,3,8,1.6666666666666667
1336,сыртқа,s ə r t q ɑ,s/rtq/,2,6,2
1337,сыры,s ə r ə,s/r/,2,4,1
1338,сырыңды,s ə r ə ŋ d ə,s/r/ŋd/,3,7,1.3333333333333333
1339,сің.,s ɪ ŋ,s/ŋ,1,3,1
1340,сіңді.,s ɪ ŋ d ɪ,s/ŋd/,2,5,1.5
1341,сүйдім.,s ʏ j d ɪ m,s/jd/m,2,6,1.3333333333333333
1342,сүйерімнің,s ʏ j j e r ɪ m n ɪ ŋ,s/jj/r/mn/ŋ,4,11,1.4
1343,"сүймес,",s ʏ j m j e s,s/jmj/s,2,7,1.6666666666666667
1344,сүймес.,s ʏ j m j e s,s/jmj/s,2,7,1.6666666666666667
1345,сүймесімді,s ʏ j m j e s ɪ m d ɪ,s/jmj/s/md/,4,11,1.75
1346,сүйсінсін.,s ʏ j s ɪ n s ɪ n,s/js/ns/n,3,9,1.5
1347,"сүйінсін,",s ʏ j ɪ n s ɪ n,s/j/ns/n,3,8,1.25
1348,сұлу,s ʊ l w,s/lw,1,4,1.5
1349,сұлу.,s ʊ l w,s/lw,1,4,1.5
1350,сұмдықты,s ʊ m d ə q t ə,s/md/qt/,3,8,1.6666666666666667
1351,"сұра,",s ʊ r ɑ,s/r/,2,4,1
1352,сұра.,s ʊ r ɑ,s/r/,2,4,1
1353,сұрап,s ʊ r ɑ p,s/r/p,2,5,1
1354,"сұрап,",s ʊ r ɑ p,s/r/p,2,5,1
1355,сұға,s ʊ ʁ ɑ,s/ʁ/,2,4,1
1356,сұңқар,s ʊ ŋ q ɑ r,s/ŋq/r,2,6,1.3333333333333333
1357,сәндік.,s æ n d ɪ k,s/nd/k,2,6,1.3333333333333333
1358,сәтімен.,s æ t ɪ m j e n,s/t/mj/n,3,8,1.25
1359,сөз,s ʏ z,s/z,1,3,1
1360,сөзге,s ʏ z ɡ j e,s/zɡj/,2,6,2
1361,сөзде.,s ʏ z d j e,s/zdj/,2,6,2
1362,сөздері,s ʏ z d j e r ɪ,s/zdj/r/,3,8,1.6666666666666667
1363,сөзді,s ʏ z d ɪ,s/zd/,2,5,1.5
1364,сөзі,s ʏ z ɪ,s/z/,2,4,1
1365,"сөзім,",s ʏ z ɪ m,s/z/m,2,5,1
1366,сөзін,s ʏ z ɪ n,s/z/n,2,5,1
1367,сөзіңді,s ʏ z ɪ ŋ d ɪ,s/z/ŋd/,3,7,1.3333333333333333
1368,"сөйлеп,",s ʏ j l j e p,s/jlj/p,2,7,1.6666666666666667
1369,"сөйлесе,",s ʏ j l j e s j e,s/jlj/sj/,3,9,2
1370,сөнбейді.,s ʏ n b j e j d ɪ,s/nbj/jd/,3,9,2
1371,та,t ɑ,t/,1,2,1
1372,"та,",t ɑ,t/,1,2,1
1373,"табады,",t ɑ b ɑ d ə,t/b/d/,3,6,1
1374,табады.,t ɑ b ɑ d ə,t/b/d/,3,6,1
1375,табам,t ɑ b ɑ m,t/b/m,2,5,1
1376,"табар,",t ɑ b ɑ r,t/b/r,2,5,1
1377,табар.,t ɑ b ɑ r,t/b/r,2,5,1
1378,"табылар,",t ɑ b ə l ɑ r,t/b/l/r,3,7,1
1379,табылар.,t ɑ b ə l ɑ r,t/b/l/r,3,7,1
1380,табылар?,t ɑ b ə l ɑ r,t/b/l/r,3,7,1
1381,таза,t ɑ z ɑ,t/z/,2,4,1
1382,таймен,t ɑ j m j e n,t/jmj/n,2,7,1.6666666666666667
1383,тайынбайды.,t ɑ j ə n b ɑ j d ə,t/j/nb/jd/,4,10,1.5
1384,талай,t ɑ l ɑ j,t/l/j,2,5,1
1385,талғамайды.,t ɑ l ʁ ɑ m ɑ j d ə,t/lʁ/m/jd/,4,10,1.5
1386,тамаша,t ɑ m ɑ ʃ ɑ,t/m/ʃ/,3,6,1
1387,тамағынан,t ɑ m ɑ ʁ ə n ɑ n,t/m/ʁ/n/n,4,9,1
1388,тамақта.,t ɑ m ɑ q t ɑ,t/m/qt/,3,7,1.3333333333333333
1389,танылғы.,t ɑ n ə l ʁ ə,t/n/lʁ/,3,7,1.3333333333333333
1390,танымас.,t ɑ n ə m ɑ s,t/n/m/s,3,7,1
1391,таныс,t ɑ n ə s,t/n/s,2,5,1
1392,"тап,",t ɑ p,t/p,1,3,1
1393,таппас,t ɑ p p ɑ s,t/pp/s,2,6,1.3333333333333333
1394,"таппаған,",t ɑ p p ɑ ʁ ɑ n,t/pp/ʁ/n,3,8,1.25
1395,таппаған.,t ɑ p p ɑ ʁ ɑ n,t/pp/ʁ/n,3,8,1.25
1396,"тапсаң,",t ɑ p s ɑ ŋ,t/ps/ŋ,2,6,1.3333333333333333
1397,тапқан,t ɑ p q ɑ n,t/pq/n,2,6,1.3333333333333333
1398,"тапқаның,",t ɑ p q ɑ n ə ŋ,t/pq/n/ŋ,3,8,1.25
1399,тапқаның?!,t ɑ p q ɑ n ə ŋ,t/pq/n/ŋ,3,8,1.25
1400,тар,t ɑ r,t/r,1,3,1
1401,"таразы,",t ɑ r ɑ z ə,t/r/z/,3,6,1
1402,тартынып,t ɑ r t ə n ə p,t/rt/n/p,3,8,1.25
1403,"тарығарсың,",t ɑ r ə ʁ ɑ r s ə ŋ,t/r/ʁ/rs/ŋ,4,10,1.2
1404,тарықпай,t ɑ r ə q p ɑ j,t/r/qp/j,3,8,1.25
1405,тарқамайды.,t ɑ r q ɑ m ɑ j d ə,t/rq/m/jd/,4,10,1.5
1406,тас,t ɑ s,t/s,1,3,1
1407,тастай,t ɑ s t ɑ j,t/st/j,2,6,1.3333333333333333
1408,"тастама,",t ɑ s t ɑ m ɑ,t/st/m/,3,7,1.3333333333333333
1409,тастама.,t ɑ s t ɑ m ɑ,t/st/m/,3,7,1.3333333333333333
1410,тастан,t ɑ s t ɑ n,t/st/n,2,6,1.3333333333333333
1411,тастар,t ɑ s t ɑ r,t/st/r,2,6,1.3333333333333333
1412,тастарда,t ɑ s t ɑ r d ɑ,t/st/rd/,3,8,1.6666666666666667
1413,тастаған,t ɑ s t ɑ ʁ ɑ n,t/st/ʁ/n,3,8,1.25
1414,тасты,t ɑ s t ə,t/st/,2,5,1.5
1415,тат,t ɑ t,t/t,1,3,1
1416,тату,t ɑ t w,t/tw,1,4,1.5
1417,татулық,t ɑ t w l ə q,t/twl/q,2,7,1.6666666666666667
1418,татулыққа,t ɑ t w l ə q q ɑ,t/twl/qq/,3,9,2
1419,таты,t ɑ t ə,t/t/,2,4,1
1420,татымас.,t ɑ t ə m ɑ s,t/t/m/s,3,7,1
1421,татқан,t ɑ t q ɑ n,t/tq/n,2,6,1.3333333333333333
1422,тау,t ɑ w,t/w,1,3,1
1423,таудың,t ɑ w d ə ŋ,t/wd/ŋ,2,6,1.3333333333333333
1424,таулы,t ɑ w l ə,t/wl/,2,5,1.5
1425,"таусылмайды,",t ɑ w s ə l m ɑ j d ə,t/ws/lm/jd/,4,11,1.75
1426,таусылмайды.,t ɑ w s ə l m ɑ j d ə,t/ws/lm/jd/,4,11,1.75
1427,таусылмайтын,t ɑ w s ə l m ɑ j t ə n,t/ws/lm/jt/n,4,12,1.6
1428,таяқ,t ɑ j ɑ q,t/j/q,2,5,1
1429,тақ,t ɑ q,t/q,1,3,1
1430,тақтаққа,t ɑ q t ɑ q q ɑ,t/qt/qq/,3,8,1.6666666666666667
1431,таңданады.,t ɑ ŋ d ɑ n ɑ d ə,t/ŋd/n/d/,4,9,1.25
1432,те,t j e,tj/,1,3,2
1433,тегін,t j e ɡ ɪ n,tj/ɡ/n,2,6,1.3333333333333333
1434,тегін.,t j e ɡ ɪ n,tj/ɡ/n,2,6,1.3333333333333333
1435,тегіс,t j e ɡ ɪ s,tj/ɡ/s,2,6,1.3333333333333333
1436,тек,t j e k,tj/k,1,4,1.5
1437,текешігім,t j e k j e ʃ ɪ ɡ ɪ m,tj/kj/ʃ/ɡ/m,4,11,1.4
1438,темірді,t j e m ɪ r d ɪ,tj/m/rd/,3,8,1.6666666666666667
1439,темірші,t j e m ɪ r ʃ ɪ,tj/m/rʃ/,3,8,1.6666666666666667
1440,тентек,t j e n t j e k,tj/ntj/k,2,8,2
1441,тентектің,t j e n t j e k t ɪ ŋ,tj/ntj/kt/ŋ,3,11,2
1442,теппес,t j e p p j e s,tj/ppj/s,2,8,2
1443,тербетеді.,t j e r b j e t j e d ɪ,tj/rbj/tj/d/,4,12,2
1444,терезеге,t j e r j e z j e ɡ j e,tj/rj/zj/ɡj/,4,12,2
1445,терезесінен,t j e r j e z j e s ɪ n j e n,tj/rj/zj/s/nj/n,5,15,1.6666666666666667
1446,терісі,t j e r ɪ s ɪ,tj/r/s/,3,7,1.3333333333333333
1447,теспей,t j e s p j e j,tj/spj/j,2,8,2
1448,тең.,t j e ŋ,tj/ŋ,1,4,1.5
1449,теңгелік.,t j e ŋ ɡ j e l ɪ k,tj/ŋɡj/l/k,3,10,1.75
1450,теңі,t j e ŋ ɪ,tj/ŋ/,2,5,1.5
1451,тимес.,t i j m j e s,t/jmj/s,2,7,1.6666666666666667
1452,"тисе,",t i j s j e,t/jsj/,2,6,2
1453,тиыны,t i j ə n ə,t/j/n/,3,6,1
1454,тоба.,t o b ɑ,t/b/,2,4,1
1455,тобырға,t o b ə r ʁ ɑ,t/b/rʁ/,3,7,1.3333333333333333
1456,"тозбайды,",t o z b ɑ j d ə,t/zb/jd/,3,8,1.6666666666666667
1457,тозбайтын,t o z b ɑ j t ə n,t/zb/jt/n,3,9,1.5
1458,тоздырады.,t o z d ə r ɑ d ə,t/zd/r/d/,4,9,1.25
1459,той,t o j,t/j,1,3,1
1460,тойдың,t o j d ə ŋ,t/jd/ŋ,2,6,1.3333333333333333
1461,тоймай,t o j m ɑ j,t/jm/j,2,6,1.3333333333333333
1462,"тоймайды,",t o j m ɑ j d ə,t/jm/jd/,3,8,1.6666666666666667
1463,тоймайды.,t o j m ɑ j d ə,t/jm/jd/,3,8,1.6666666666666667
1464,"тоймас,",t o j m ɑ s,t/jm/s,2,6,1.3333333333333333
1465,"тойсаң,",t o j s ɑ ŋ,t/js/ŋ,2,6,1.3333333333333333
1466,тойындай.,t o j ə n d ɑ j,t/j/nd/j,3,8,1.25
1467,тойға,t o j ʁ ɑ,t/jʁ/,2,5,1.5
1468,тойған,t o j ʁ ɑ n,t/jʁ/n,2,6,1.3333333333333333
1469,"толса,",t o l s ɑ,t/ls/,2,5,1.5
1470,тон,t o n,t/n,1,3,1
1471,"тон,",t o n,t/n,1,3,1
1472,тонайды.,t o n ɑ j d ə,t/n/jd/,3,7,1.3333333333333333
1473,топ,t o p,t/p,1,3,1
1474,топтан,t o p t ɑ n,t/pt/n,2,6,1.3333333333333333
1475,топырақ,t o p ə r ɑ q,t/p/r/q,3,7,1
1476,торсық,t o r s ə q,t/rs/q,2,6,1.3333333333333333
1477,торқаның,t o r q ɑ n ə ŋ,t/rq/n/ŋ,3,8,1.25
1478,тояды.,t o j ɑ d ə,t/j/d/,3,6,1
1479,тоғызбын,t o ʁ ə z b ə n,t/ʁ/zb/n,3,8,1.25
1480,тоғызда,t o ʁ ə z d ɑ,t/ʁ/zd/,3,7,1.3333333333333333
1481,тоғызға,t o ʁ ə z ʁ ɑ,t/ʁ/zʁ/,3,7,1.3333333333333333
1482,тоқ,t o q,t/q,1,3,1
1483,тоқтығын,t o q t ə ʁ ə n,t/qt/ʁ/n,3,8,1.25
1484,тоқтық,t o q t ə q,t/qt/q,2,6,1.3333333333333333
1485,тоқығам.,t o q ə ʁ ɑ m,t/q/ʁ/m,3,7,1
1486,тоңға,t o ŋ ʁ ɑ,t/ŋʁ/,2,5,1.5
1487,"туады,",t w ɑ d ə,tw/d/,2,5,1.5
1488,туады.,t w ɑ d ə,tw/d/,2,5,1.5
1489,туады:,t w ɑ d ə,tw/d/,2,5,1.5
1490,тулар,t w l ɑ r,twl/r,1,5,2
1491,"тулақ,",t w l ɑ q,twl/q,1,5,2
1492,тулақ.,t w l ɑ q,twl/q,1,5,2
1493,тумаң,t w m ɑ ŋ,twm/ŋ,1,5,2
1494,тураушыдан,t w r ɑ w ʃ ə d ɑ n,twr/wʃ/d/n,3,10,1.75
1495,туса,t w s ɑ,tws/,1,4,3
1496,"туса,",t w s ɑ,tws/,1,4,3
1497,"туыстан,",t w ə s t ɑ n,tw/st/n,2,7,1.6666666666666667
1498,туысы,t w ə s ə,tw/s/,2,5,1.5
1499,туысқандай,t w ə s q ɑ n d ɑ j,tw/sq/nd/j,3,10,1.75
1500,туған,t w ʁ ɑ n,twʁ/n,1,5,2
1501,"туған,",t w ʁ ɑ n,twʁ/n,1,5,2
1502,туғаннан,t w ʁ ɑ n n ɑ n,twʁ/nn/n,2,8,2
1503,туғанын,t w ʁ ɑ n ə n,twʁ/n/n,2,7,1.6666666666666667
1504,туғаның,t w ʁ ɑ n ə ŋ,twʁ/n/ŋ,2,7,1.6666666666666667
1505,"тый,",t ə j,t/j,1,3,1
1506,тый.,t ə j,t/j,1,3,1
1507,тынбас.,t ə n b ɑ s,t/nb/s,2,6,1.3333333333333333
1508,тынбағанның,t ə n b ɑ ʁ ɑ n n ə ŋ,t/nb/ʁ/nn/ŋ,4,11,1.4
1509,тындырмас.,t ə n d ə r m ɑ s,t/nd/rm/s,3,9,1.5
1510,"тынысы,",t ə n ə s ə,t/n/s/,3,6,1
1511,тыныш.,t ə n ə ʃ,t/n/ʃ,2,5,1
1512,тыныштығынан,t ə n ə ʃ t ə ʁ ə n ɑ n,t/n/ʃt/ʁ/n/n,5,12,1.1666666666666667
1513,тышады.,t ə ʃ ɑ d ə,t/ʃ/d/,3,6,1
1514,тыю,t ə j u w,t/j/w,2,5,1
1515,тыңда.,t ə ŋ d ɑ,t/ŋd/,2,5,1.5
1516,тыңдай.,t ə ŋ d ɑ j,t/ŋd/j,2,6,1.3333333333333333
1517,тыңдамасқа,t ə ŋ d ɑ m ɑ s q ɑ,t/ŋd/m/sq/,4,10,1.5
1518,тігеді.,t ɪ ɡ j e d ɪ,t/ɡj/d/,3,7,1.3333333333333333
1519,тізеден,t ɪ z j e d j e n,t/zj/dj/n,3,9,1.5
1520,тікенді,t ɪ k j e n d ɪ,t/kj/nd/,3,8,1.6666666666666667
1521,"тікпейді,",t ɪ k p j e j d ɪ,t/kpj/jd/,3,9,2
1522,тіл,t ɪ l,t/l,1,3,1
1523,тілден,t ɪ l d j e n,t/ldj/n,2,7,1.6666666666666667
1524,тілдескенде,t ɪ l d j e s k j e n d j e,t/ldj/skj/ndj/,4,14,2.5
1525,тіле.,t ɪ l j e,t/lj/,2,5,1.5
1526,"тілегенше,",t ɪ l j e ɡ j e n ʃ j e,t/lj/ɡj/nʃj/,4,12,2
1527,тілін,t ɪ l ɪ n,t/l/n,2,5,1
1528,тіліңмен,t ɪ l ɪ ŋ m j e n,t/l/ŋmj/n,3,9,1.5
1529,тіріде.,t ɪ r ɪ d j e,t/r/dj/,3,7,1.3333333333333333
1530,тіссіз,t ɪ s s ɪ z,t/ss/z,2,6,1.3333333333333333
1531,тістемес.,t ɪ s t j e m j e s,t/stj/mj/s,3,10,1.75
1532,тісін,t ɪ s ɪ n,t/s/n,2,5,1
1533,тісінен,t ɪ s ɪ n j e n,t/s/nj/n,3,8,1.25
1534,түбі,t ʏ b ɪ,t/b/,2,4,1
1535,түбіне,t ʏ b ɪ n j e,t/b/nj/,3,7,1.3333333333333333
1536,"түгіл,",t ʏ ɡ ɪ l,t/ɡ/l,2,5,1
1537,түзде,t ʏ z d j e,t/zdj/,2,6,2
1538,түзеледі.,t ʏ z j e l j e d ɪ,t/zj/lj/d/,4,10,1.5
1539,түзеу,t ʏ z j e w,t/zj/w,2,6,1.3333333333333333
1540,түзу,t ʏ z w,t/zw,1,4,1.5
1541,түйе,t ʏ j j e,t/jj/,2,5,1.5
1542,түйедей,t ʏ j j e d j e j,t/jj/dj/j,3,9,1.5
1543,түйеден,t ʏ j j e d j e n,t/jj/dj/n,3,9,1.5
1544,"түйеден,",t ʏ j j e d j e n,t/jj/dj/n,3,9,1.5
1545,түйенің,t ʏ j j e n ɪ ŋ,t/jj/n/ŋ,3,8,1.25
1546,түймедей,t ʏ j m j e d j e j,t/jmj/dj/j,3,10,1.75
1547,түкіргені.,t ʏ k ɪ r ɡ j e n ɪ,t/k/rɡj/n/,4,10,1.5
1548,түлкі,t ʏ l k ɪ,t/lk/,2,5,1.5
1549,түлкінің,t ʏ l k ɪ n ɪ ŋ,t/lk/n/ŋ,3,8,1.25
1550,түлік,t ʏ l ɪ k,t/l/k,2,5,1
1551,түн,t ʏ n,t/n,1,3,1
1552,түпке,t ʏ p k j e,t/pkj/,2,6,2
1553,түрікпеннің,t ʏ r ɪ k p j e n n ɪ ŋ,t/r/kpj/nn/ŋ,4,12,1.6
1554,түс.,t ʏ s,t/s,1,3,1
1555,"түсер,",t ʏ s j e r,t/sj/r,2,6,1.3333333333333333
1556,түсер.,t ʏ s j e r,t/sj/r,2,6,1.3333333333333333
1557,түсетін,t ʏ s j e t ɪ n,t/sj/t/n,3,8,1.25
1558,түскен,t ʏ s k j e n,t/skj/n,2,7,1.6666666666666667
1559,түссе,t ʏ s s j e,t/ssj/,2,6,2
1560,"түссе,",t ʏ s s j e,t/ssj/,2,6,2
1561,түстен,t ʏ s t j e n,t/stj/n,2,7,1.6666666666666667
1562,түсінде,t ʏ s ɪ n d j e,t/s/ndj/,3,8,1.6666666666666667
1563,түтеді.,t ʏ t j e d ɪ,t/tj/d/,3,7,1.3333333333333333
1564,тұз,t ʊ z,t/z,1,3,1
1565,тұлпар,t ʊ l p ɑ r,t/lp/r,2,6,1.3333333333333333
1566,тұлпар.,t ʊ l p ɑ r,t/lp/r,2,6,1.3333333333333333
1567,тұлпардың,t ʊ l p ɑ r d ə ŋ,t/lp/rd/ŋ,3,9,1.5
1568,"тұр,",t ʊ r,t/r,1,3,1
1569,тұр.,t ʊ r,t/r,1,3,1
1570,тұрады.,t ʊ r ɑ d ə,t/r/d/,3,6,1
1571,"тұрмайды,",t ʊ r m ɑ j d ə,t/rm/jd/,3,8,1.6666666666666667
1572,тұрмайды.,t ʊ r m ɑ j d ə,t/rm/jd/,3,8,1.6666666666666667
1573,тұрмаса,t ʊ r m ɑ s ɑ,t/rm/s/,3,7,1.3333333333333333
1574,тұрмыс,t ʊ r m ə s,t/rm/s,2,6,1.3333333333333333
1575,тұрмыстан,t ʊ r m ə s t ɑ n,t/rm/st/n,3,9,1.5
1576,тұрған,t ʊ r ʁ ɑ n,t/rʁ/n,2,6,1.3333333333333333
1577,тұрған.,t ʊ r ʁ ɑ n,t/rʁ/n,2,6,1.3333333333333333
1578,тұсау.,t ʊ s ɑ w,t/s/w,2,5,1
1579,тұсаулы,t ʊ s ɑ w l ə,t/s/wl/,3,7,1.3333333333333333
1580,тұщыны,t ʊ ɕː ə n ə,t/ɕː/n/,3,7,1.3333333333333333
1581,тұяғы,t ʊ j ɑ ʁ ə,t/j/ʁ/,3,6,1
1582,"тұңғиық,",t ʊ ŋ ʁ i j ə q,t/ŋʁ/j/q,3,8,1.25
1583,тәкаппарды,t æ k ɑ p p ɑ r d ə,t/k/pp/rd/,4,10,1.5
1584,тәнді,t æ n d ɪ,t/nd/,2,5,1.5
1585,тәні,t æ n ɪ,t/n/,2,4,1
1586,тәрбиеде,t æ r b i j j e d j e,t/rb/jj/dj/,4,11,1.75
1587,тәуекелшіл,t æ w j e k j e l ʃ ɪ l,t/wj/kj/lʃ/l,4,12,1.6
1588,тәуіп,t æ w ɪ p,t/w/p,2,5,1
1589,тәуір,t æ w ɪ r,t/w/r,2,5,1
1590,тәңірдің,t æ ŋ ɪ r d ɪ ŋ,t/ŋ/rd/ŋ,3,8,1.25
1591,тәңірін,t æ ŋ ɪ r ɪ n,t/ŋ/r/n,3,7,1
1592,төбе,t ʏ b j e,t/bj/,2,5,1.5
1593,төбелеспей,t ʏ b j e l j e s p j e j,t/bj/lj/spj/j,4,13,1.8
1594,төгіледі.,t ʏ ɡ ɪ l j e d ɪ,t/ɡ/lj/d/,4,9,1.25
1595,төзімділік.,t ʏ z ɪ m d ɪ l ɪ k,t/z/md/l/k,4,10,1.2
1596,төлден,t ʏ l d j e n,t/ldj/n,2,7,1.6666666666666667
1597,төлді,t ʏ l d ɪ,t/ld/,2,5,1.5
1598,төменгіні,t ʏ m j e n ɡ ɪ n ɪ,t/mj/nɡ/n/,4,10,1.5
1599,төрешіден,t ʏ r j e ʃ ɪ d j e n,t/rj/ʃ/dj/n,4,11,1.4
1600,төршіл.,t ʏ r ʃ ɪ l,t/rʃ/l,2,6,1.3333333333333333
1601,төрінде.,t ʏ r ɪ n d j e,t/r/ndj/,3,8,1.6666666666666667
1602,төсін,t ʏ s ɪ n,t/s/n,2,5,1
1603,у,w,w,0,1,1
1604,уайым,w ɑ j ə m,w/j/m,2,5,1
1605,удан,w d ɑ n,wd/n,1,4,1.5
1606,уық.,w ə q,w/q,1,3,1
1607,уәдесіз,w æ d j e s ɪ z,w/dj/s/z,3,8,1.25
1608,уәдеңе,w æ d j e ŋ j e,w/dj/ŋj/,3,8,1.6666666666666667
1609,хайуан,χ ɑ j w ɑ n,χ/jw/n,2,6,1.3333333333333333
1610,халық,χ ɑ l ə q,χ/l/q,2,5,1
1611,хан,χ ɑ n,χ/n,1,3,1
1612,ханшадан,χ ɑ n ʃ ɑ d ɑ n,χ/nʃ/d/n,3,8,1.25
1613,ханға,χ ɑ n ʁ ɑ,χ/nʁ/,2,5,1.5
1614,хаты,χ ɑ t ə,χ/t/,2,4,1
1615,хатына,χ ɑ t ə n ɑ,χ/t/n/,3,6,1
1616,шабады.,ʃ ɑ b ɑ d ə,ʃ/b/d/,3,6,1
1617,шабанның,ʃ ɑ b ɑ n n ə ŋ,ʃ/b/nn/ŋ,3,8,1.25
1618,шайпау,ʃ ɑ j p ɑ w,ʃ/jp/w,2,6,1.3333333333333333
1619,шал.,ʃ ɑ l,ʃ/l,1,3,1
1620,шала.,ʃ ɑ l ɑ,ʃ/l/,2,4,1
1621,шалдың,ʃ ɑ l d ə ŋ,ʃ/ld/ŋ,2,6,1.3333333333333333
1622,шалып,ʃ ɑ l ə p,ʃ/l/p,2,5,1
1623,шам,ʃ ɑ m,ʃ/m,1,3,1
1624,шамдай,ʃ ɑ m d ɑ j,ʃ/md/j,2,6,1.3333333333333333
1625,шамдай.,ʃ ɑ m d ɑ j,ʃ/md/j,2,6,1.3333333333333333
1626,шамы,ʃ ɑ m ə,ʃ/m/,2,4,1
1627,шап.,ʃ ɑ p,ʃ/p,1,3,1
1628,шарадан.,ʃ ɑ r ɑ d ɑ n,ʃ/r/d/n,3,7,1
1629,шарап,ʃ ɑ r ɑ p,ʃ/r/p,2,5,1
1630,шаруаның,ʃ ɑ r w ɑ n ə ŋ,ʃ/rw/n/ŋ,3,8,1.25
1631,шаша,ʃ ɑ ʃ ɑ,ʃ/ʃ/,2,4,1
1632,шақ,ʃ ɑ q,ʃ/q,1,3,1
1633,шақыртпай,ʃ ɑ q ə r t p ɑ j,ʃ/q/rtp/j,3,9,1.5
1634,"шаңырақ,",ʃ ɑ ŋ ə r ɑ q,ʃ/ŋ/r/q,3,7,1
1635,шеберден,ʃ j e b j e r d j e n,ʃj/bj/rdj/n,3,11,2
1636,шек,ʃ j e k,ʃj/k,1,4,1.5
1637,шекер,ʃ j e k j e r,ʃj/kj/r,2,7,1.6666666666666667
1638,шелді,ʃ j e l d ɪ,ʃj/ld/,2,6,2
1639,шет,ʃ j e t,ʃj/t,1,4,1.5
1640,шет.,ʃ j e t,ʃj/t,1,4,1.5
1641,шетте,ʃ j e t t j e,ʃj/ttj/,2,7,2.5
1642,шешен.,ʃ j e ʃ j e n,ʃj/ʃj/n,2,7,1.6666666666666667
1643,шешендердің,ʃ j e ʃ j e n d j e r d ɪ ŋ,ʃj/ʃj/ndj/rd/ŋ,4,14,2
1644,шешесінен,ʃ j e ʃ j e s ɪ n j e n,ʃj/ʃj/s/nj/n,4,12,1.6
1645,шуақсыз,ʃ w ɑ q s ə z,ʃw/qs/z,2,7,1.6666666666666667
1646,шыбын,ʃ ə b ə n,ʃ/b/n,2,5,1
1647,шынын,ʃ ə n ə n,ʃ/n/n,2,5,1
1648,"шығады,",ʃ ə ʁ ɑ d ə,ʃ/ʁ/d/,3,6,1
1649,шығады.,ʃ ə ʁ ɑ d ə,ʃ/ʁ/d/,3,6,1
1650,"шығар,",ʃ ə ʁ ɑ r,ʃ/ʁ/r,2,5,1
1651,шығар.,ʃ ə ʁ ɑ r,ʃ/ʁ/r,2,5,1
1652,шығарады.,ʃ ə ʁ ɑ r ɑ d ə,ʃ/ʁ/r/d/,4,8,1
1653,шығарар.,ʃ ə ʁ ɑ r ɑ r,ʃ/ʁ/r/r,3,7,1
1654,шығаруға,ʃ ə ʁ ɑ r w ʁ ɑ,ʃ/ʁ/rwʁ/,3,8,1.6666666666666667
1655,шығарып,ʃ ə ʁ ɑ r ə p,ʃ/ʁ/r/p,3,7,1
1656,шығасыға,ʃ ə ʁ ɑ s ə ʁ ɑ,ʃ/ʁ/s/ʁ/,4,8,1
1657,шықпайды.,ʃ ə q p ɑ j d ə,ʃ/qp/jd/,3,8,1.6666666666666667
1658,шықтым.,ʃ ə q t ə m,ʃ/qt/m,2,6,1.3333333333333333
1659,шыққан,ʃ ə q q ɑ n,ʃ/qq/n,2,6,1.3333333333333333
1660,шідерлі,ʃ ɪ d j e r l ɪ,ʃ/dj/rl/,3,8,1.6666666666666667
1661,шірімес.,ʃ ɪ r ɪ m j e s,ʃ/r/mj/s,3,8,1.25
1662,шүкір,ʃ ʏ k ɪ r,ʃ/k/r,2,5,1
1663,шүлен.,ʃ ʏ l j e n,ʃ/lj/n,2,6,1.3333333333333333
1664,шұқыр,ʃ ʊ q ə r,ʃ/q/r,2,5,1
1665,шөктірер.,ʃ ʏ k t ɪ r j e r,ʃ/kt/rj/r,3,9,1.5
1666,шөл.,ʃ ʏ l,ʃ/l,1,3,1
1667,ынтымақ,ə n t ə m ɑ q,/nt/m/q,3,7,1.3333333333333333
1668,ырыс,ə r ə s,/r/s,2,4,1
1669,ырысы,ə r ə s ə,/r/s/,3,5,1
1670,"ырысы,",ə r ə s ə,/r/s/,3,5,1
1671,ырысы.,ə r ə s ə,/r/s/,3,5,1
1672,ырысқа,ə r ə s q ɑ,/r/sq/,3,6,1.5
1673,ізгі,ɪ z ɡ ɪ,/zɡ/,2,4,2
1674,іздеме.,ɪ z d j e m j e,/zdj/mj/,3,8,2.5
1675,іледі.,ɪ l j e d ɪ,/lj/d/,3,6,1.5
1676,ілігер.,ɪ l ɪ ɡ j e r,/l/ɡj/r,3,7,1.3333333333333333
1677,"ілінеді,",ɪ l ɪ n j e d ɪ,/l/nj/d/,4,8,1.3333333333333333
1678,іні,ɪ n ɪ,/n/,2,3,1
1679,іс,ɪ s,/s,1,2,1
1680,"іс,",ɪ s,/s,1,2,1
1681,іс.,ɪ s,/s,1,2,1
1682,істейді.,ɪ s t j e j d ɪ,/stj/jd/,3,8,2.5
1683,істемеген,ɪ s t j e m j e ɡ j e n,/stj/mj/ɡj/n,4,12,2
1684,істен,ɪ s t j e n,/stj/n,2,6,2
1685,"істесе,",ɪ s t j e s j e,/stj/sj/,3,8,2.5
1686,істі,ɪ s t ɪ,/st/,2,4,2
1687,істің,ɪ s t ɪ ŋ,/st/ŋ,2,5,1.5
1688,ісі,ɪ s ɪ,/s/,2,3,1
1689,"ісі,",ɪ s ɪ,/s/,2,3,1
1690,ісі.,ɪ s ɪ,/s/,2,3,1
1691,ісіне,ɪ s ɪ n j e,/s/nj/,3,6,1.5
1692,ісінен,ɪ s ɪ n j e n,/s/nj/n,3,7,1.3333333333333333
1693,ісің,ɪ s ɪ ŋ,/s/ŋ,2,4,1
1694,іш,ɪ ʃ,/ʃ,1,2,1
1695,ішер,ɪ ʃ j e r,/ʃj/r,2,5,1.5
1696,ішер.,ɪ ʃ j e r,/ʃj/r,2,5,1.5
1697,ішерсің,ɪ ʃ j e r s ɪ ŋ,/ʃj/rs/ŋ,3,8,1.6666666666666667
1698,ішкен,ɪ ʃ k j e n,/ʃkj/n,2,6,2
1699,ішкенде,ɪ ʃ k j e n d j e,/ʃkj/ndj/,3,9,3
1700,ішкенің,ɪ ʃ k j e n ɪ ŋ,/ʃkj/n/ŋ,3,8,1.6666666666666667
1701,"ішпе,",ɪ ʃ p j e,/ʃpj/,2,5,3
1702,ішпес,ɪ ʃ p j e s,/ʃpj/s,2,6,2
1703,ішуге.,ɪ ʃ w ɡ j e,/ʃwɡj/,2,6,4
1704,ішінде,ɪ ʃ ɪ n d j e,/ʃ/ndj/,3,7,2
1705,"ішінде,",ɪ ʃ ɪ n d j e,/ʃ/ndj/,3,7,2
1706,ғажап.,ʁ ɑ ʒ ɑ p,ʁ/ʒ/p,2,5,1
1707,ғалымның,ʁ ɑ l ə m n ə ŋ,ʁ/l/mn/ŋ,3,8,1.25
1708,ғой»!,ʁ o j,ʁ/j,1,3,1
1709,ғылым,ʁ ə l ə m,ʁ/l/m,2,5,1
1710,ғылымнан,ʁ ə l ə m n ɑ n,ʁ/l/mn/n,3,8,1.25
1711,ғылымның,ʁ ə l ə m n ə ŋ,ʁ/l/mn/ŋ,3,8,1.25
1712,ғұмырлық.,ʁ ʊ m ə r l ə q,ʁ/m/rl/q,3,8,1.25
1713,қабаған.,q ɑ b ɑ ʁ ɑ n,q/b/ʁ/n,3,7,1
1714,қабақтың,q ɑ b ɑ q t ə ŋ,q/b/qt/ŋ,3,8,1.25
1715,қабыры,q ɑ b ə r ə,q/b/r/,3,6,1
1716,қадірлеске,q ɑ d ɪ r l j e s k j e,q/d/rlj/skj/,4,12,2
1717,қадірі,q ɑ d ɪ r ɪ,q/d/r/,3,6,1
1718,қадірін,q ɑ d ɪ r ɪ n,q/d/r/n,3,7,1
1719,қазан,q ɑ z ɑ n,q/z/n,2,5,1
1720,қазандай,q ɑ z ɑ n d ɑ j,q/z/nd/j,3,8,1.25
1721,қазақ,q ɑ z ɑ q,q/z/q,2,5,1
1722,қазақтың,q ɑ z ɑ q t ə ŋ,q/z/qt/ŋ,3,8,1.25
1723,қазулы.,q ɑ z w l ə,q/zwl/,2,6,2
1724,қазы.,q ɑ z ə,q/z/,2,4,1
1725,қазына.,q ɑ z ə n ɑ,q/z/n/,3,6,1
1726,қазынаның,q ɑ z ə n ɑ n ə ŋ,q/z/n/n/ŋ,4,9,1
1727,қазынасы.,q ɑ z ə n ɑ s ə,q/z/n/s/,4,8,1
1728,қазынаға,q ɑ z ə n ɑ ʁ ɑ,q/z/n/ʁ/,4,8,1
1729,қазір,q ɑ z ɪ r,q/z/r,2,5,1
1730,қайда!,q ɑ j d ɑ,q/jd/,2,5,1.5
1731,қайдан,q ɑ j d ɑ n,q/jd/n,2,6,1.3333333333333333
1732,"қаймығар,",q ɑ j m ə ʁ ɑ r,q/jm/ʁ/r,3,8,1.25
1733,қаймығар.,q ɑ j m ə ʁ ɑ r,q/jm/ʁ/r,3,8,1.25
1734,қайнайды.,q ɑ j n ɑ j d ə,q/jn/jd/,3,8,1.6666666666666667
1735,қайрағаны,q ɑ j r ɑ ʁ ɑ n ə,q/jr/ʁ/n/,4,9,1.25
1736,қайтар.,q ɑ j t ɑ r,q/jt/r,2,6,1.3333333333333333
1737,қайтіп,q ɑ j t ɪ p,q/jt/p,2,6,1.3333333333333333
1738,қайтқан,q ɑ j t q ɑ n,q/jtq/n,2,7,1.6666666666666667
1739,"қайымас,",q ɑ j ə m ɑ s,q/j/m/s,3,7,1
1740,қайыр,q ɑ j ə r,q/j/r,2,5,1
1741,қайырғанға,q ɑ j ə r ʁ ɑ n ʁ ɑ,q/j/rʁ/nʁ/,4,10,1.5
1742,қайғы,q ɑ j ʁ ə,q/jʁ/,2,5,1.5
1743,қайғы.,q ɑ j ʁ ə,q/jʁ/,2,5,1.5
1744,қайғысыз,q ɑ j ʁ ə s ə z,q/jʁ/s/z,3,8,1.25
1745,қайғың,q ɑ j ʁ ə ŋ,q/jʁ/ŋ,2,6,1.3333333333333333
1746,қалады.,q ɑ l ɑ d ə,q/l/d/,3,6,1
1747,"қалар,",q ɑ l ɑ r,q/l/r,2,5,1
1748,қалар.,q ɑ l ɑ r,q/l/r,2,5,1
1749,қаласың!,q ɑ l ɑ s ə ŋ,q/l/s/ŋ,3,7,1
1750,қалдырады.,q ɑ l d ə r ɑ d ə,q/ld/r/d/,4,9,1.25
1751,қалмайды.,q ɑ l m ɑ j d ə,q/lm/jd/,3,8,1.6666666666666667
1752,қалпақты,q ɑ l p ɑ q t ə,q/lp/qt/,3,8,1.6666666666666667
1753,"қалсаң,",q ɑ l s ɑ ŋ,q/ls/ŋ,2,6,1.3333333333333333
1754,қалтасында,q ɑ l t ɑ s ə n d ɑ,q/lt/s/nd/,4,10,1.5
1755,қалың,q ɑ l ə ŋ,q/l/ŋ,2,5,1
1756,қалыңсыз,q ɑ l ə ŋ s ə z,q/l/ŋs/z,3,8,1.25
1757,қамшылар.,q ɑ m ʃ ə l ɑ r,q/mʃ/l/r,3,8,1.25
1758,қамшысыз,q ɑ m ʃ ə s ə z,q/mʃ/s/z,3,8,1.25
1759,"қамыстан,",q ɑ m ə s t ɑ n,q/m/st/n,3,8,1.25
1760,қан,q ɑ n,q/n,1,3,1
1761,қанат,q ɑ n ɑ t,q/n/t,2,5,1
1762,"қанаты,",q ɑ n ɑ t ə,q/n/t/,3,6,1
1763,"қане,",q ɑ n j e,q/nj/,2,5,1.5
1764,қанша,q ɑ n ʃ ɑ,q/nʃ/,2,5,1.5
1765,қапа.,q ɑ p ɑ,q/p/,2,4,1
1766,қапияда,q ɑ p i j j ɑ d ɑ,q/p/jj/d/,4,9,1.25
1767,қаппас.,q ɑ p p ɑ s,q/pp/s,2,6,1.3333333333333333
1768,қапы,q ɑ p ə,q/p/,2,4,1
1769,қар,q ɑ r,q/r,1,3,1
1770,қара,q ɑ r ɑ,q/r/,2,4,1
1771,қарай,q ɑ r ɑ j,q/r/j,2,5,1
1772,"қарайды,",q ɑ r ɑ j d ə,q/r/jd/,3,7,1.3333333333333333
1773,қарайды.,q ɑ r ɑ j d ə,q/r/jd/,3,7,1.3333333333333333
1774,қаралы,q ɑ r ɑ l ə,q/r/l/,3,6,1
1775,қарама.,q ɑ r ɑ m ɑ,q/r/m/,3,6,1
1776,қарамас.,q ɑ r ɑ m ɑ s,q/r/m/s,3,7,1
1777,қарап,q ɑ r ɑ p,q/r/p,2,5,1
1778,қарау,q ɑ r ɑ w,q/r/w,2,5,1
1779,қараша,q ɑ r ɑ ʃ ɑ,q/r/ʃ/,3,6,1
1780,қарны,q ɑ r n ə,q/rn/,2,5,1.5
1781,қарсы,q ɑ r s ə,q/rs/,2,5,1.5
1782,қарсысы,q ɑ r s ə s ə,q/rs/s/,3,7,1.3333333333333333
1783,қарттан,q ɑ r t t ɑ n,q/rtt/n,2,7,1.6666666666666667
1784,қартына,q ɑ r t ə n ɑ,q/rt/n/,3,7,1.3333333333333333
1785,қарыз,q ɑ r ə z,q/r/z,2,5,1
1786,қарындастың,q ɑ r ə n d ɑ s t ə ŋ,q/r/nd/st/ŋ,4,11,1.4
1787,қарындасқа,q ɑ r ə n d ɑ s q ɑ,q/r/nd/sq/,4,10,1.5
1788,қарғар.,q ɑ r ʁ ɑ r,q/rʁ/r,2,6,1.3333333333333333
1789,қарғылы,q ɑ r ʁ ə l ə,q/rʁ/l/,3,7,1.3333333333333333
1790,қас,q ɑ s,q/s,1,3,1
1791,қастық.,q ɑ s t ə q,q/st/q,2,6,1.3333333333333333
1792,қасы,q ɑ s ə,q/s/,2,4,1
1793,"қасында,",q ɑ s ə n d ɑ,q/s/nd/,3,7,1.3333333333333333
1794,қасында.,q ɑ s ə n d ɑ,q/s/nd/,3,7,1.3333333333333333
1795,қасық,q ɑ s ə q,q/s/q,2,5,1
1796,қасықтап,q ɑ s ə q t ɑ p,q/s/qt/p,3,8,1.25
1797,қасқадан,q ɑ s q ɑ d ɑ n,q/sq/d/n,3,8,1.25
1798,қасқыр,q ɑ s q ə r,q/sq/r,2,6,1.3333333333333333
1799,қателігін,q ɑ t j e l ɪ ɡ ɪ n,q/tj/l/ɡ/n,4,10,1.2
1800,қатты,q ɑ t t ə,q/tt/,2,5,1.5
1801,қатын,q ɑ t ə n,q/t/n,2,5,1
1802,"қатын,",q ɑ t ə n,q/t/n,2,5,1
1803,қатынды,q ɑ t ə n d ə,q/t/nd/,3,7,1.3333333333333333
1804,қатынның,q ɑ t ə n n ə ŋ,q/t/nn/ŋ,3,8,1.25
1805,қатынсызға,q ɑ t ə n s ə z ʁ ɑ,q/t/ns/zʁ/,4,10,1.5
1806,қатынынан,q ɑ t ə n ə n ɑ n,q/t/n/n/n,4,9,1
1807,қатының,q ɑ t ə n ə ŋ,q/t/n/ŋ,3,7,1
1808,қатық,q ɑ t ə q,q/t/q,2,5,1
1809,қауын,q ɑ w ə n,q/w/n,2,5,1
1810,қауынсыздың,q ɑ w ə n s ə z d ə ŋ,q/w/ns/zd/ŋ,4,11,1.4
1811,қақсағанда,q ɑ q s ɑ ʁ ɑ n d ɑ,q/qs/ʁ/nd/,4,10,1.5
1812,қаққызбай,q ɑ q q ə z b ɑ j,q/qq/zb/j,3,9,1.5
1813,қаһарлы,q ɑ h ɑ r l ə,q/h/rl/,3,7,1.3333333333333333
1814,қимас.,q i j m ɑ s,q/jm/s,2,6,1.3333333333333333
1815,қисық,q i j s ə q,q/js/q,2,6,1.3333333333333333
1816,қиын.,q i j ə n,q/j/n,2,5,1
1817,қиындық,q i j ə n d ə q,q/j/nd/q,3,8,1.25
1818,қиыннан,q i j ə n n ɑ n,q/j/nn/n,3,8,1.25
1819,қозысымен,q o z ə s ə m j e n,q/z/s/mj/n,4,10,1.2
1820,қозысын,q o z ə s ə n,q/z/s/n,3,7,1
1821,қой,q o j,q/j,1,3,1
1822,қойдай,q o j d ɑ j,q/jd/j,2,6,1.3333333333333333
1823,қойды,q o j d ə,q/jd/,2,5,1.5
1824,"қойдым,",q o j d ə m,q/jd/m,2,6,1.3333333333333333
1825,қойдым.,q o j d ə m,q/jd/m,2,6,1.3333333333333333
1826,"қоймайды,",q o j m ɑ j d ə,q/jm/jd/,3,8,1.6666666666666667
1827,қойшы,q o j ʃ ə,q/jʃ/,2,5,1.5
1828,қойшы.,q o j ʃ ə,q/jʃ/,2,5,1.5
1829,қойшының,q o j ʃ ə n ə ŋ,q/jʃ/n/ŋ,3,8,1.25
1830,қойылады.,q o j ə l ɑ d ə,q/j/l/d/,4,8,1
1831,қойыпты,q o j ə p t ə,q/j/pt/,3,7,1.3333333333333333
1832,қойға,q o j ʁ ɑ,q/jʁ/,2,5,1.5
1833,қол,q o l,q/l,1,3,1
1834,қолда,q o l d ɑ,q/ld/,2,5,1.5
1835,қолмен,q o l m j e n,q/lmj/n,2,7,1.6666666666666667
1836,қолы,q o l ə,q/l/,2,4,1
1837,қолына,q o l ə n ɑ,q/l/n/,3,6,1
1838,қолынан,q o l ə n ɑ n,q/l/n/n,3,7,1
1839,қолында,q o l ə n d ɑ,q/l/nd/,3,7,1.3333333333333333
1840,қолыңа,q o l ə ŋ ɑ,q/l/ŋ/,3,6,1
1841,қолыңда.,q o l ə ŋ d ɑ,q/l/ŋd/,3,7,1.3333333333333333
1842,қолыңды,q o l ə ŋ d ə,q/l/ŋd/,3,7,1.3333333333333333
1843,қомында.,q o m ə n d ɑ,q/m/nd/,3,7,1.3333333333333333
1844,қонатын,q o n ɑ t ə n,q/n/t/n,3,7,1
1845,қонақ,q o n ɑ q,q/n/q,2,5,1
1846,қонаққа,q o n ɑ q q ɑ,q/n/qq/,3,7,1.3333333333333333
1847,"қонба,",q o n b ɑ,q/nb/,2,5,1.5
1848,қонба.,q o n b ɑ,q/nb/,2,5,1.5
1849,қонбайды.,q o n b ɑ j d ə,q/nb/jd/,3,8,1.6666666666666667
1850,қоныс,q o n ə s,q/n/s,2,5,1
1851,қонысқа,q o n ə s q ɑ,q/n/sq/,3,7,1.3333333333333333
1852,қонышынан,q o n ə ʃ ə n ɑ n,q/n/ʃ/n/n,4,9,1
1853,қонғаннан,q o n ʁ ɑ n n ɑ n,q/nʁ/nn/n,3,9,1.5
1854,қор,q o r,q/r,1,3,1
1855,қор.,q o r,q/r,1,3,1
1856,қораға,q o r ɑ ʁ ɑ,q/r/ʁ/,3,6,1
1857,"қорлама,",q o r l ɑ m ɑ,q/rl/m/,3,7,1.3333333333333333
1858,қорлық,q o r l ə q,q/rl/q,2,6,1.3333333333333333
1859,қорлық.,q o r l ə q,q/rl/q,2,6,1.3333333333333333
1860,қорық.,q o r ə q,q/r/q,2,5,1
1861,"қорықпа,",q o r ə q p ɑ,q/r/qp/,3,7,1.3333333333333333
1862,"қорықпайды,",q o r ə q p ɑ j d ə,q/r/qp/jd/,4,10,1.5
1863,"қорғайды,",q o r ʁ ɑ j d ə,q/rʁ/jd/,3,8,1.6666666666666667
1864,қорғайды.,q o r ʁ ɑ j d ə,q/rʁ/jd/,3,8,1.6666666666666667
1865,қорғалайды.,q o r ʁ ɑ l ɑ j d ə,q/rʁ/l/jd/,4,10,1.5
1866,"қорғаншақ,",q o r ʁ ɑ n ʃ ɑ q,q/rʁ/nʃ/q,3,9,1.5
1867,қорқады.,q o r q ɑ d ə,q/rq/d/,3,7,1.3333333333333333
1868,қорқақтың,q o r q ɑ q t ə ŋ,q/rq/qt/ŋ,3,9,1.5
1869,қос,q o s,q/s,1,3,1
1870,"қосады,",q o s ɑ d ə,q/s/d/,3,6,1
1871,қосады.,q o s ɑ d ə,q/s/d/,3,6,1
1872,қосар.,q o s ɑ r,q/s/r,2,5,1
1873,қостың,q o s t ə ŋ,q/st/ŋ,2,6,1.3333333333333333
1874,қосшыдан,q o s ʃ ə d ɑ n,q/sʃ/d/n,3,8,1.25
1875,"қосылады,",q o s ə l ɑ d ə,q/s/l/d/,4,8,1
1876,қосылмайды.,q o s ə l m ɑ j d ə,q/s/lm/jd/,4,10,1.5
1877,"қосылса,",q o s ə l s ɑ,q/s/ls/,3,7,1.3333333333333333
1878,қосылуы,q o s ə l w ə,q/s/lw/,3,7,1.3333333333333333
1879,қосылған,q o s ə l ʁ ɑ n,q/s/lʁ/n,3,8,1.25
1880,қотырдан,q o t ə r d ɑ n,q/t/rd/n,3,8,1.25
1881,қоштастым,q o ʃ t ɑ s t ə m,q/ʃt/st/m,3,9,1.5
1882,қошқар,q o ʃ q ɑ r,q/ʃq/r,2,6,1.3333333333333333
1883,қояды.,q o j ɑ d ə,q/j/d/,3,6,1
1884,қоян,q o j ɑ n,q/j/n,2,5,1
1885,қу,q w,qw,0,2,2
1886,қуалап,q w ɑ l ɑ p,qw/l/p,2,6,1.3333333333333333
1887,қуаты.,q w ɑ t ə,qw/t/,2,5,1.5
1888,қуаңға,q w ɑ ŋ ʁ ɑ,qw/ŋʁ/,2,6,2
1889,қуған,q w ʁ ɑ n,qwʁ/n,1,5,2
1890,қыдыр,q ə d ə r,q/d/r,2,5,1
1891,қыз,q ə z,q/z,1,3,1
1892,қыздай.,q ə z d ɑ j,q/zd/j,2,6,1.3333333333333333
1893,қызды,q ə z d ə,q/zd/,2,5,1.5
1894,қыздың,q ə z d ə ŋ,q/zd/ŋ,2,6,1.3333333333333333
1895,қызы,q ə z ə,q/z/,2,4,1
1896,қызын,q ə z ə n,q/z/n,2,5,1
1897,қызық.,q ə z ə q,q/z/q,2,5,1
1898,қызықсын,q ə z ə q s ə n,q/z/qs/n,3,8,1.25
1899,қызың,q ə z ə ŋ,q/z/ŋ,2,5,1
1900,қызыңнан,q ə z ə ŋ n ɑ n,q/z/ŋn/n,3,8,1.25
1901,қызға,q ə z ʁ ɑ,q/zʁ/,2,5,1.5
1902,қызғанда,q ə z ʁ ɑ n d ɑ,q/zʁ/nd/,3,8,1.6666666666666667
1903,қызғаншақ,q ə z ʁ ɑ n ʃ ɑ q,q/zʁ/nʃ/q,3,9,1.5
1904,қызғаншақ.,q ə z ʁ ɑ n ʃ ɑ q,q/zʁ/nʃ/q,3,9,1.5
1905,қылау,q ə l ɑ w,q/l/w,2,5,1
1906,қылпылдар.,q ə l p ə l d ɑ r,q/lp/ld/r,3,9,1.5
1907,"қылса,",q ə l s ɑ,q/ls/,2,5,1.5
1908,"қылсаң,",q ə l s ɑ ŋ,q/ls/ŋ,2,6,1.3333333333333333
1909,қылыш,q ə l ə ʃ,q/l/ʃ,2,5,1
1910,қыран,q ə r ɑ n,q/r/n,2,5,1
1911,қырау,q ə r ɑ w,q/r/w,2,5,1
1912,қырсыққан,q ə r s ə q q ɑ n,q/rs/qq/n,3,9,1.5
1913,қыршаңқы,q ə r ʃ ɑ ŋ q ə,q/rʃ/ŋq/,3,8,1.6666666666666667
1914,қырымпаз.,q ə r ə m p ɑ z,q/r/mp/z,3,8,1.25
1915,қырықта,q ə r ə q t ɑ,q/r/qt/,3,7,1.3333333333333333
1916,қырға,q ə r ʁ ɑ,q/rʁ/,2,5,1.5
1917,қыс,q ə s,q/s,1,3,1
1918,қыста,q ə s t ɑ,q/st/,2,5,1.5
1919,қыстау.,q ə s t ɑ w,q/st/w,2,6,1.3333333333333333
1920,"қысылма,",q ə s ə l m ɑ,q/s/lm/,3,7,1.3333333333333333
1921,қысып,q ə s ə p,q/s/p,2,5,1
1922,қысқа.,q ə s q ɑ,q/sq/,2,5,1.5
1923,қышиды.,q ə ʃ i j d ə,q/ʃ/jd/,3,7,1.3333333333333333
1924,қышынбас,q ə ʃ ə n b ɑ s,q/ʃ/nb/s,3,8,1.25
1925,қыңыр,q ə ŋ ə r,q/ŋ/r,2,5,1
1926,құдай,q ʊ d ɑ j,q/d/j,2,5,1
1927,"құдай,",q ʊ d ɑ j,q/d/j,2,5,1
1928,құдай.,q ʊ d ɑ j,q/d/j,2,5,1
1929,құдайың,q ʊ d ɑ j ə ŋ,q/d/j/ŋ,3,7,1
1930,құдайға,q ʊ d ɑ j ʁ ɑ,q/d/jʁ/,3,7,1.3333333333333333
1931,құл,q ʊ l,q/l,1,3,1
1932,құл.,q ʊ l,q/l,1,3,1
1933,құлап,q ʊ l ɑ p,q/l/p,2,5,1
1934,құлақта,q ʊ l ɑ q t ɑ,q/l/qt/,3,7,1.3333333333333333
1935,құлпырған,q ʊ l p ə r ʁ ɑ n,q/lp/rʁ/n,3,9,1.5
1936,құлы.,q ʊ l ə,q/l/,2,4,1
1937,"құлыннан,",q ʊ l ə n n ɑ n,q/l/nn/n,3,8,1.25
1938,құмар,q ʊ m ɑ r,q/m/r,2,5,1
1939,"құмартпа,",q ʊ m ɑ r t p ɑ,q/m/rtp/,3,8,1.6666666666666667
1940,құнсыз,q ʊ n s ə z,q/ns/z,2,6,1.3333333333333333
1941,құны,q ʊ n ə,q/n/,2,4,1
1942,құныққан,q ʊ n ə q q ɑ n,q/n/qq/n,3,8,1.25
1943,құр,q ʊ r,q/r,1,3,1
1944,құрақ,q ʊ r ɑ q,q/r/q,2,5,1
1945,құс,q ʊ s,q/s,1,3,1
1946,"құстырар,",q ʊ s t ə r ɑ r,q/st/r/r,3,8,1.25
1947,құтаны,q ʊ t ɑ n ə,q/t/n/,3,6,1
1948,құтсыз,q ʊ t s ə z,q/ts/z,2,6,1.3333333333333333
1949,құтты,q ʊ t t ə,q/tt/,2,5,1.5
1950,құты,q ʊ t ə,q/t/,2,4,1
1951,құтылады.,q ʊ t ə l ɑ d ə,q/t/l/d/,4,8,1
1952,құтылмас.,q ʊ t ə l m ɑ s,q/t/lm/s,3,8,1.25
1953,"құтырар,",q ʊ t ə r ɑ r,q/t/r/r,3,7,1
1954,құтырар.,q ʊ t ə r ɑ r,q/t/r/r,3,7,1
1955,құтқарады.,q ʊ t q ɑ r ɑ d ə,q/tq/r/d/,4,9,1.25
1956,құшағын,q ʊ ʃ ɑ ʁ ə n,q/ʃ/ʁ/n,3,7,1
1957,құшақтастым,q ʊ ʃ ɑ q t ɑ s t ə m,q/ʃ/qt/st/m,4,11,1.4
1958,үзген,ʏ z ɡ j e n,/zɡj/n,2,6,2
1959,"үзіледі,",ʏ z ɪ l j e d ɪ,/z/lj/d/,4,8,1.3333333333333333
1960,үзіледі.,ʏ z ɪ l j e d ɪ,/z/lj/d/,4,8,1.3333333333333333
1961,үй,ʏ j,/j,1,2,1
1962,үй-ақ,ʏ j ɑ q,/j/q,2,4,1
1963,үйге,ʏ j ɡ j e,/jɡj/,2,5,3
1964,үйде,ʏ j d j e,/jdj/,2,5,3
1965,үйдей,ʏ j d j e j,/jdj/j,2,6,2
1966,үйрен,ʏ j r j e n,/jrj/n,2,6,2
1967,"үйрен,",ʏ j r j e n,/jrj/n,2,6,2
1968,үйрен.,ʏ j r j e n,/jrj/n,2,6,2
1969,үйі,ʏ j ɪ,/j/,2,3,1
1970,үйінде,ʏ j ɪ n d j e,/j/ndj/,3,7,2
1971,"үйінде,",ʏ j ɪ n d j e,/j/ndj/,3,7,2
1972,үйінде.,ʏ j ɪ n d j e,/j/ndj/,3,7,2
1973,үйіне,ʏ j ɪ n j e,/j/nj/,3,6,1.5
1974,үйір.,ʏ j ɪ r,/j/r,2,4,1
1975,үйірсіз,ʏ j ɪ r s ɪ z,/j/rs/z,3,7,1.3333333333333333
1976,үйірі,ʏ j ɪ r ɪ,/j/r/,3,5,1
1977,үйірінен,ʏ j ɪ r ɪ n j e n,/j/r/nj/n,4,9,1.25
1978,үйің,ʏ j ɪ ŋ,/j/ŋ,2,4,1
1979,үйіңде,ʏ j ɪ ŋ d j e,/j/ŋdj/,3,7,2
1980,үйіңнен,ʏ j ɪ ŋ n j e n,/j/ŋnj/n,3,8,1.6666666666666667
1981,үлгісі,ʏ l ɡ ɪ s ɪ,/lɡ/s/,3,6,1.5
1982,үлкен,ʏ l k j e n,/lkj/n,2,6,2
1983,үндемеген,ʏ n d j e m j e ɡ j e n,/ndj/mj/ɡj/n,4,12,2
1984,үргедек,ʏ r ɡ j e d j e k,/rɡj/dj/k,3,9,2
1985,үргені,ʏ r ɡ j e n ɪ,/rɡj/n/,3,7,2
1986,үреген,ʏ r j e ɡ j e n,/rj/ɡj/n,3,8,1.6666666666666667
1987,үріккен,ʏ r ɪ k k j e n,/r/kkj/n,3,8,1.6666666666666667
1988,үріп,ʏ r ɪ p,/r/p,2,4,1
1989,үстінде,ʏ s t ɪ n d j e,/st/ndj/,3,8,2.5
1990,үш,ʏ ʃ,/ʃ,1,2,1
1991,үште,ʏ ʃ t j e,/ʃtj/,2,5,3
1992,үшін,ʏ ʃ ɪ n,/ʃ/n,2,4,1
1993,"үшін,",ʏ ʃ ɪ n,/ʃ/n,2,4,1
1994,"үңілгенмен,",ʏ ŋ ɪ l ɡ j e n m j e n,/ŋ/lɡj/nmj/n,4,12,2
1995,ұзын,ʊ z ə n,/z/n,2,4,1
1996,"ұйықтатпайды,",ʊ j ə q t ɑ t p ɑ j d ə,/j/qt/tp/jd/,5,12,1.75
1997,ұйқы,ʊ j q ə,/jq/,2,4,2
1998,ұл,ʊ l,/l,1,2,1
1999,ұлы,ʊ l ə,/l/,2,3,1
2000,ұлыңнан,ʊ l ə ŋ n ɑ n,/l/ŋn/n,3,7,1.3333333333333333
2001,ұрды,ʊ r d ə,/rd/,2,4,2
2002,ұрлап,ʊ r l ɑ p,/rl/p,2,5,1.5
2003,ұрмай,ʊ r m ɑ j,/rm/j,2,5,1.5
2004,ұры,ʊ r ə,/r/,2,3,1
2005,ұрындырған,ʊ r ə n d ə r ʁ ɑ n,/r/nd/rʁ/n,4,10,1.5
2006,ұрып,ʊ r ə p,/r/p,2,4,1
2007,ұрысы,ʊ r ə s ə,/r/s/,3,5,1
2008,ұрысынан,ʊ r ə s ə n ɑ n,/r/s/n/n,4,8,1
2009,ұстай,ʊ s t ɑ j,/st/j,2,5,1.5
2010,ұстаның,ʊ s t ɑ n ə ŋ,/st/n/ŋ,3,7,1.3333333333333333
2011,ұстаған,ʊ s t ɑ ʁ ɑ n,/st/ʁ/n,3,7,1.3333333333333333
2012,ұштыны,ʊ ʃ t ə n ə,/ʃt/n/,3,6,1.5
2013,ұясыз,ʊ j ɑ s ə z,/j/s/z,3,6,1
2014,ұят,ʊ j ɑ t,/j/t,2,4,1
2015,ұяттан,ʊ j ɑ t t ɑ n,/j/tt/n,3,7,1.3333333333333333
2016,әдет,æ d j e t,/dj/t,2,5,1.5
2017,әдетін,æ d j e t ɪ n,/dj/t/n,3,7,1.3333333333333333
2018,әділ,æ d ɪ l,/d/l,2,4,1
2019,әзілді,æ z ɪ l d ɪ,/z/ld/,3,6,1.5
2020,әйел,æ j j e l,/jj/l,2,5,1.5
2021,"әйел,",æ j j e l,/jj/l,2,5,1.5
2022,әйел.,æ j j e l,/jj/l,2,5,1.5
2023,әйелден,æ j j e l d j e n,/jj/ldj/n,3,9,2
2024,әйелдің,æ j j e l d ɪ ŋ,/jj/ld/ŋ,3,8,1.6666666666666667
2025,әйеліне,æ j j e l ɪ n j e,/jj/l/nj/,4,9,1.6666666666666667
2026,әйелің,æ j j e l ɪ ŋ,/jj/l/ŋ,3,7,1.3333333333333333
2027,әкең,æ k j e ŋ,/kj/ŋ,2,5,1.5
2028,әлсіз,æ l s ɪ z,/ls/z,2,5,1.5
2029,ән,æ n,/n,1,2,1
2030,әркім,æ r k ɪ m,/rk/m,2,5,1.5
2031,әруақ.,æ r w ɑ q,/rw/q,2,5,1.5
2032,"әттең,",æ t t j e ŋ,/ttj/ŋ,2,6,2
2033,әудемде.,æ w d j e m d j e,/wdj/mdj/,3,9,3
2034,әуесі,æ w j e s ɪ,/wj/s/,3,6,1.5
2035,әңгіме,æ ŋ ɡ ɪ m j e,/ŋɡ/mj/,3,7,2
2036,өгізге,ʏ ɡ ɪ z ɡ j e,/ɡ/zɡj/,3,7,2
2037,өз,ʏ z,/z,1,2,1
2038,өзге,ʏ z ɡ j e,/zɡj/,2,5,3
2039,өзгеге,ʏ z ɡ j e ɡ j e,/zɡj/ɡj/,3,8,2.5
2040,өзгелерді,ʏ z ɡ j e l j e r d ɪ,/zɡj/lj/rd/,4,11,2.3333333333333335
2041,өзгені,ʏ z ɡ j e n ɪ,/zɡj/n/,3,7,2
2042,өзді-өзің,ʏ z d ɪ ʏ z ɪ ŋ,/zd/z/ŋ,3,8,1.3333333333333333
2043,өзі,ʏ z ɪ,/z/,2,3,1
2044,өзім,ʏ z ɪ m,/z/m,2,4,1
2045,өзіме,ʏ z ɪ m j e,/z/mj/,3,6,1.5
2046,өзін,ʏ z ɪ n,/z/n,2,4,1
2047,өзіне,ʏ z ɪ n j e,/z/nj/,3,6,1.5
2048,өзіне-өзі,ʏ z ɪ n j e ʏ z ɪ,/z/nj/z/,4,9,1.3333333333333333
2049,өзіңді,ʏ z ɪ ŋ d ɪ,/z/ŋd/,3,6,1.5
2050,өзіңе,ʏ z ɪ ŋ j e,/z/ŋj/,3,6,1.5
2051,өкпе,ʏ k p j e,/kpj/,2,5,3
2052,өлгенде,ʏ l ɡ j e n d j e,/lɡj/ndj/,3,9,3
2053,"өледі,",ʏ l j e d ɪ,/lj/d/,3,6,1.5
2054,өледі.,ʏ l j e d ɪ,/lj/d/,3,6,1.5
2055,"өлер,",ʏ l j e r,/lj/r,2,5,1.5
2056,өлер.,ʏ l j e r,/lj/r,2,5,1.5
2057,өлерсің.,ʏ l j e r s ɪ ŋ,/lj/rs/ŋ,3,8,1.6666666666666667
2058,өлеңшінің,ʏ l j e ŋ ʃ ɪ n ɪ ŋ,/lj/ŋʃ/n/ŋ,4,10,1.5
2059,"өлмейді,",ʏ l m j e j d ɪ,/lmj/jd/,3,8,2.5
2060,өлмейді.,ʏ l m j e j d ɪ,/lmj/jd/,3,8,2.5
2061,өлсе,ʏ l s j e,/lsj/,2,5,3
2062,"өлсе,",ʏ l s j e,/lsj/,2,5,3
2063,өлтіреді.,ʏ l t ɪ r j e d ɪ,/lt/rj/d/,4,9,1.6666666666666667
2064,"өлшеп,",ʏ l ʃ j e p,/lʃj/p,2,6,2
2065,"өліде,",ʏ l ɪ d j e,/l/dj/,3,6,1.5
2066,өлім,ʏ l ɪ m,/l/m,2,4,1
2067,өлімнен,ʏ l ɪ m n j e n,/l/mnj/n,3,8,1.6666666666666667
2068,өмір,ʏ m ɪ r,/m/r,2,4,1
2069,өмір.,ʏ m ɪ r,/m/r,2,4,1
2070,"өнбесе,",ʏ n b j e s j e,/nbj/sj/,3,8,2.5
2071,өнерді,ʏ n j e r d ɪ,/nj/rd/,3,7,2
2072,өнерлі,ʏ n j e r l ɪ,/nj/rl/,3,7,2
2073,өнерлінің,ʏ n j e r l ɪ n ɪ ŋ,/nj/rl/n/ŋ,4,10,1.5
2074,өнерсіз,ʏ n j e r s ɪ z,/nj/rs/z,3,8,1.6666666666666667
2075,өнерің,ʏ n j e r ɪ ŋ,/nj/r/ŋ,3,7,1.3333333333333333
2076,өнімді,ʏ n ɪ m d ɪ,/n/md/,3,6,1.5
2077,өнімді.,ʏ n ɪ m d ɪ,/n/md/,3,6,1.5
2078,өр,ʏ r,/r,1,2,1
2079,өркеші,ʏ r k j e ʃ ɪ,/rkj/ʃ/,3,7,2
2080,"өршіл,",ʏ r ʃ ɪ l,/rʃ/l,2,5,1.5
2081,"өрісшіл,",ʏ r ɪ s ʃ ɪ l,/r/sʃ/l,3,7,1.3333333333333333
2082,өседі.,ʏ s j e d ɪ,/sj/d/,3,6,1.5
2083,өсек,ʏ s j e k,/sj/k,2,5,1.5
2084,өсер,ʏ s j e r,/sj/r,2,5,1.5
2085,"өсер,",ʏ s j e r,/sj/r,2,5,1.5
2086,өсер.,ʏ s j e r,/sj/r,2,5,1.5
2087,өспей,ʏ s p j e j,/spj/j,2,6,2
2088,өспейтін,ʏ s p j e j t ɪ n,/spj/jt/n,3,9,2
2089,өтер,ʏ t j e r,/tj/r,2,5,1.5
2090,"өтер,",ʏ t j e r,/tj/r,2,5,1.5
2091,өтер.,ʏ t j e r,/tj/r,2,5,1.5
2092,өткен.,ʏ t k j e n,/tkj/n,2,6,2
2093,өткендегі,ʏ t k j e n d j e ɡ ɪ,/tkj/ndj/ɡ/,4,11,2.3333333333333335
2094,өткізіп,ʏ t k ɪ z ɪ p,/tk/z/p,3,7,1.3333333333333333
2095,өткір,ʏ t k ɪ r,/tk/r,2,5,1.5
2096,өтпес,ʏ t p j e s,/tpj/s,2,6,2
2097,өтпес.,ʏ t p j e s,/tpj/s,2,6,2
2098,өтірік,ʏ t ɪ r ɪ k,/t/r/k,3,6,1
2099,өтірікпен,ʏ t ɪ r ɪ k p j e n,/t/r/kpj/n,4,10,1.5
2100,өтіріктің,ʏ t ɪ r ɪ k t ɪ ŋ,/t/r/kt/ŋ,4,9,1.25
2101,өтірікші,ʏ t ɪ r ɪ k ʃ ɪ,/t/r/kʃ/,4,8,1.3333333333333333
2102,өш.,ʏ ʃ,/ʃ,1,2,1
